	Unnamed: 0	Unnamed: 0.1	LABEL	SENTENCE	WORDS	SINGLE
0	0	0	其它#其它	一个词来形容一下我	一个 词来 形容 一下 我	一 个 词 来 形 容 一 下 我
1	1	1	其它#其它	一加一等于多少	一加 一 等于 多少	一 加 一 等 于 多 少
2	2	2	其它#其它	一般学生都无法回答这个问题	一般 学生 都 无法回答 这个 问题	一 般 学 生 都 无 法 回 答 这 个 问 题
3	3	3	其它#其它	一般学生都无法解决这个问题	一般 学生 都 无法 解决 这个 问题	一 般 学 生 都 无 法 解 决 这 个 问 题
4	4	4	其它#其它	一起吃顿饭吧	一起 吃 顿饭 吧	一 起 吃 顿 饭 吧
5	5	5	其它#其它	不用再多说了，我都明白了	不用 再 多 说 了 ， 我 都 明白 了	不 用 再 多 说 了 ， 我 都 明 白 了
6	6	6	其它#其它	么么哒	么 么 哒	么 么 哒
7	7	7	其它#其它	今天你开心吗	今天 你 开心 吗	今 天 你 开 心 吗
8	8	8	其它#其它	你不是能算出来吗	你 不是 能算 出来 吗	你 不 是 能 算 出 来 吗
9	9	9	其它#其它	你今天开心吗	你 今天 开心 吗	你 今 天 开 心 吗
10	10	10	其它#其它	你在做什么呢	你 在 做 什么 呢	你 在 做 什 么 呢
11	11	11	其它#其它	你在干嘛？你在干嘛	你 在 干嘛 ？ 你 在 干嘛	你 在 干 嘛 ？ 你 在 干 嘛
12	12	12	其它#其它	你开心吗	你 开心 吗	你 开 心 吗
13	13	13	其它#其它	你现在开心吗	你 现在 开心 吗	你 现 在 开 心 吗
14	14	14	其它#其它	你的心情不错哦	你 的 心情 不错 哦	你 的 心 情 不 错 哦
15	15	15	其它#其它	你的想法很独特哦	你 的 想法 很 独特 哦	你 的 想 法 很 独 特 哦
16	16	16	其它#其它	你看起来很开心嘛	你 看起来 很 开心 嘛	你 看 起 来 很 开 心 嘛
17	17	17	其它#其它	你过得好吗	你 过 得 好 吗	你 过 得 好 吗
18	18	18	其它#其它	你过的好吗	你 过 的 好 吗	你 过 的 好 吗
19	19	19	其它#其它	停一下	停 一下	停 一 下
20	20	20	其它#其它	先听我说一句	先 听 我 说 一句	先 听 我 说 一 句
21	21	21	其它#其它	再等一下把	再 等 一下 把	再 等 一 下 把
22	22	22	其它#其它	哎呀呀	哎呀呀	哎 呀 呀
23	23	23	其它#其它	喂喂，你开心吗	喂喂 ， 你 开心 吗	喂 喂 ， 你 开 心 吗
24	24	24	其它#其它	嗨，你过得愉快吗	嗨 ， 你 过 得 愉快 吗	嗨 ， 你 过 得 愉 快 吗
25	25	25	其它#其它	我不知道我会不会在手机上查询购买订单	我 不 知道 我会 不会 在 手机 上 查询 购买 订单	我 不 知 道 我 会 不 会 在 手 机 上 查 询 购 买 订 单
26	26	26	其它#其它	我不知道这部手机是否具备我希望的其他功能	我 不 知道 这 部手机 是否 具备 我 希望 的 其他 功能	我 不 知 道 这 部 手 机 是 否 具 备 我 希 望 的 其 他 功 能
27	27	27	其它#其它	我买这么多功能的手机会不会浪费	我 买 这么 多功能 的 手机 会 不会 浪费	我 买 这 么 多 功 能 的 手 机 会 不 会 浪 费
28	28	28	其它#其它	我们聊得挺投缘的嘛	我们 聊得 挺 投缘 的 嘛	我 们 聊 得 挺 投 缘 的 嘛
29	29	29	其它#其它	我好像没有带够钱	我 好像 没有 带够 钱	我 好 像 没 有 带 够 钱
30	30	30	其它#其它	我家人不知道同不同意我买手机	我家 人 不 知道 同 不 同意 我 买手机	我 家 人 不 知 道 同 不 同 意 我 买 手 机
31	31	31	其它#其它	我想退货的时候到底能不能退呢	我 想 退货 的 时候 到底 能 不能 退 呢	我 想 退 货 的 时 候 到 底 能 不 能 退 呢
32	32	32	其它#其它	我插句话行不	我 插句 话行 不	我 插 句 话 行 不
33	33	33	其它#其它	我没有好的	我 没有 好 的	我 没 有 好 的
34	34	34	其它#其它	我没有找借口	我 没有 找 借口	我 没 有 找 借 口
35	35	35	其它#其它	我没有说谎	我 没有 说谎	我 没 有 说 谎
36	36	36	其它#其它	我看看先	我 看看 先	我 看 看 先
37	37	37	其它#其它	本来就是这样嘛	本来 就是 这样 嘛	本 来 就 是 这 样 嘛
38	38	38	其它#其它	没你不行啊	没 你 不行 啊	没 你 不 行 啊
39	39	39	其它#其它	用一个词来形容我	用 一个 词来 形容 我	用 一 个 词 来 形 容 我
40	40	40	其它#其它	祝大家心想事成，万事如意	祝 大家 心想事成 ， 万事如意	祝 大 家 心 想 事 成 ， 万 事 如 意
41	41	41	其它#其它	算了，我们换个话题	算了 ， 我们 换个 话题	算 了 ， 我 们 换 个 话 题
42	42	42	其它#捣乱	6666666	6666666	6 6 6 6 6 6 6
43	43	43	其它#捣乱	一句温馨的问候，一个轻轻的拥抱，一个浪漫的小插曲，都能给人一种清新愉悦的感受，就向一股暖流流入心底	一句 温馨 的 问候 ， 一个 轻轻 的 拥抱 ， 一个 浪漫 的 小 插曲 ， 都 能 给 人 一种 清新 愉悦 的 感受 ， 就 向 一股 暖流 流入 心底	一 句 温 馨 的 问 候 ， 一 个 轻 轻 的 拥 抱 ， 一 个 浪 漫 的 小 插 曲 ， 都 能 给 人 一 种 清 新 愉 悦 的 感 受 ， 就 向 一 股 暖 流 流 入 心 底
44	44	44	其它#捣乱	下午几点到	下午 几点 到	下 午 几 点 到
45	45	45	其它#捣乱	下周什么时候	下周 什么 时候	下 周 什 么 时 候
46	46	46	其它#捣乱	下雨就撑伞，流感就预防，生活没有什么过不去的坎，人就是要给点阳光就灿烂	下雨 就 撑伞 ， 流感 就 预防 ， 生活 没有 什么 过不去 的 坎 ， 人 就是 要 给 点 阳光 就 灿烂	下 雨 就 撑 伞 ， 流 感 就 预 防 ， 生 活 没 有 什 么 过 不 去 的 坎 ， 人 就 是 要 给 点 阳 光 就 灿 烂
47	47	47	其它#捣乱	不是你的错，很明显，是他干的	不是 你 的 错 ， 很 明显 ， 是 他 干 的	不 是 你 的 错 ， 很 明 显 ， 是 他 干 的
48	48	48	其它#捣乱	不知道明天有没有空	不 知道 明天 有没有 空	不 知 道 明 天 有 没 有 空
49	49	49	其它#捣乱	不要再犹豫不决了。不要总是思前顾后，否则你就给带来了根本就不存在的问题。先分析情况，然后果断地采取行动。你无法改变你不想面对的现实。取得进展就意味着承担风险	不要 再 犹豫不决 了 。 不要 总是 思前 顾后 ， 否则 你 就 给 带来 了 根本 就 不 存在 的 问题 。 先 分析 情况 ， 然后 果断 地 采取行动 。 你 无法 改变 你 不想 面对 的 现实 。 取得 进展 就 意味着 承担风险	不 要 再 犹 豫 不 决 了 。 不 要 总 是 思 前 顾 后 ， 否 则 你 就 给 带 来 了 根 本 就 不 存 在 的 问 题 。 先 分 析 情 况 ， 然 后 果 断 地 采 取 行 动 。 你 无 法 改 变 你 不 想 面 对 的 现 实 。 取 得 进 展 就 意 味 着 承 担 风 险
50	50	50	其它#捣乱	不要挑逗我	不要 挑逗 我	不 要 挑 逗 我
51	51	51	其它#捣乱	不要调戏我	不要 调戏 我	不 要 调 戏 我
52	52	52	其它#捣乱	不见去年人,景物却依旧,物是人非	不见 去年 人 , 景物 却 依旧 , 物是人非	不 见 去 年 人 , 景 物 却 依 旧 , 物 是 人 非
53	53	53	其它#捣乱	两条路都不是通往车站	两条路 都 不是 通往 车站	两 条 路 都 不 是 通 往 车 站
54	54	54	其它#捣乱	中国大还是美国大啊	中国 大 还是 美国 大 啊	中 国 大 还 是 美 国 大 啊
55	55	55	其它#捣乱	为什么会生病	为什么 会 生病	为 什 么 会 生 病
56	56	56	其它#捣乱	亲爱的朋友，原谅我渐渐少去的问候。有一种感情，不再浓烈，却一直存在。我们不能时时在身边，好像电话短信也少了，我们不能第一时间分享彼此的快乐与不快乐，好像变的冷漠沉默了。可是如果有一天，我们再遇见，亲爱的，那当初的一切不会变	亲爱 的 朋友 ， 原谅 我 渐渐 少去 的 问候 。 有 一种 感情 ， 不再 浓烈 ， 却 一直 存在 。 我们 不能 时时 在 身边 ， 好像 电话 短信 也 少 了 ， 我们 不能 第一 时间 分享 彼此 的 快乐 与 不 快乐 ， 好像 变 的 冷漠 沉默 了 。 可是 如果 有 一天 ， 我们 再 遇见 ， 亲爱 的 ， 那 当初 的 一切 不会 变	亲 爱 的 朋 友 ， 原 谅 我 渐 渐 少 去 的 问 候 。 有 一 种 感 情 ， 不 再 浓 烈 ， 却 一 直 存 在 。 我 们 不 能 时 时 在 身 边 ， 好 像 电 话 短 信 也 少 了 ， 我 们 不 能 第 一 时 间 分 享 彼 此 的 快 乐 与 不 快 乐 ， 好 像 变 的 冷 漠 沉 默 了 。 可 是 如 果 有 一 天 ， 我 们 再 遇 见 ， 亲 爱 的 ， 那 当 初 的 一 切 不 会 变
57	57	57	其它#捣乱	什么时候能有女朋友	什么 时候 能 有 女朋友	什 么 时 候 能 有 女 朋 友
58	58	58	其它#捣乱	他们确实很般配	他们 确实 很 般配	他 们 确 实 很 般 配
59	59	59	其它#捣乱	他们都不是我昨晚见到的那个人	他们 都 不是 我 昨晚 见到 的 那个 人	他 们 都 不 是 我 昨 晚 见 到 的 那 个 人
60	60	60	其它#捣乱	他常常迈步向前，跃跃欲试，然而来到爱玛面前，这种决心很快也就烟消云散，不知去向	他 常常 迈步 向前 ， 跃跃欲试 ， 然而 来到 爱玛 面前 ， 这种 决心 很快 也 就 烟消云散 ， 不知去向	他 常 常 迈 步 向 前 ， 跃 跃 欲 试 ， 然 而 来 到 爱 玛 面 前 ， 这 种 决 心 很 快 也 就 烟 消 云 散 ， 不 知 去 向
61	61	61	其它#捣乱	他确实很勤奋	他 确实 很 勤奋	他 确 实 很 勤 奋
62	62	62	其它#捣乱	他确实很帅	他 确实 很帅	他 确 实 很 帅
63	63	63	其它#捣乱	你不是对句中定语的否定	你 不是 对句 中 定语 的 否定	你 不 是 对 句 中 定 语 的 否 定
64	64	64	其它#捣乱	你们什么时候来到这里的	你们 什么 时候 来到 这里 的	你 们 什 么 时 候 来 到 这 里 的
65	65	65	其它#捣乱	你喜欢那件衣服吗	你 喜欢 那 件 衣服 吗	你 喜 欢 那 件 衣 服 吗
66	66	66	其它#捣乱	你好，您点的XX菜现在已经买完了，您看还有XX菜和这道菜口味相似，您要不要来一份	你好 ， 您 点 的 XX 菜 现在 已经 买 完 了 ， 您 看 还有 XX 菜 和 这 道菜 口味 相似 ， 您 要 不要 来 一份	你 好 ， 您 点 的 X X 菜 现 在 已 经 买 完 了 ， 您 看 还 有 X X 菜 和 这 道 菜 口 味 相 似 ， 您 要 不 要 来 一 份
67	67	67	其它#捣乱	你好，打扰一下，帮你加点汤	你好 ， 打扰 一下 ， 帮 你 加点 汤	你 好 ， 打 扰 一 下 ， 帮 你 加 点 汤
68	68	68	其它#捣乱	你家是什么时候装修的	你家 是 什么 时候 装修 的	你 家 是 什 么 时 候 装 修 的
69	69	69	其它#捣乱	你居然不知道韩红是谁	你 居然 不 知道 韩红 是 谁	你 居 然 不 知 道 韩 红 是 谁
70	70	70	其它#捣乱	你把问题分析的很好，接下来交给我们办吧	你 把 问题 分析 的 很 好 ， 接下来 交给 我们 办 吧	你 把 问 题 分 析 的 很 好 ， 接 下 来 交 给 我 们 办 吧
71	71	71	其它#捣乱	你有没有看过这本书	你 有没有 看过 这 本书	你 有 没 有 看 过 这 本 书
72	72	72	其它#捣乱	你的歌声抒发了我美好的理想，我的琴音凝集了你无限的向往。愿我们合奏一首幸福曲	你 的 歌声 抒发 了 我 美好 的 理想 ， 我 的 琴音 凝集 了 你 无限 的 向往 。 愿 我们 合奏 一首 幸福 曲	你 的 歌 声 抒 发 了 我 美 好 的 理 想 ， 我 的 琴 音 凝 集 了 你 无 限 的 向 往 。 愿 我 们 合 奏 一 首 幸 福 曲
73	73	73	其它#捣乱	你看得到他吗	你 看 得到 他 吗	你 看 得 到 他 吗
74	74	74	其它#捣乱	你看得到我吗	你 看 得到 我 吗	你 看 得 到 我 吗
75	75	75	其它#捣乱	你知道华南农业大学在哪里吗	你 知道 华南农业大学 在 哪里 吗	你 知 道 华 南 农 业 大 学 在 哪 里 吗
76	76	76	其它#捣乱	你知道这是什么歌吗	你 知道 这是 什么 歌 吗	你 知 道 这 是 什 么 歌 吗
77	77	77	其它#捣乱	你能帮我抢生意吗	你 能 帮 我 抢生意 吗	你 能 帮 我 抢 生 意 吗
78	78	78	其它#捣乱	你能预测奥运会中国队能拿多少金牌吗	你 能 预测 奥运会 中国队 能 拿 多少 金牌 吗	你 能 预 测 奥 运 会 中 国 队 能 拿 多 少 金 牌 吗
79	79	79	其它#捣乱	你若安好，便是晴天	你 若 安好 ， 便是 晴天	你 若 安 好 ， 便 是 晴 天
80	80	80	其它#捣乱	你要去哪里	你 要 去 哪里	你 要 去 哪 里
81	81	81	其它#捣乱	你要去哪里呀	你 要 去 哪里 呀	你 要 去 哪 里 呀
82	82	82	其它#捣乱	你觉得她体重是多少	你 觉得 她 体重 是 多少	你 觉 得 她 体 重 是 多 少
83	83	83	其它#捣乱	你觉得我帅不帅	你 觉得 我帅 不帅	你 觉 得 我 帅 不 帅
84	84	84	其它#捣乱	你认不认识百度公司的创造人	你 认 不 认识 百度 公司 的 创造 人	你 认 不 认 识 百 度 公 司 的 创 造 人
85	85	85	其它#捣乱	你说的一点都没错，就是他干的	你 说 的 一点 都 没错 ， 就是 他 干 的	你 说 的 一 点 都 没 错 ， 就 是 他 干 的
86	86	86	其它#捣乱	你说那支队伍会赢吗	你 说 那支 队伍 会 赢 吗	你 说 那 支 队 伍 会 赢 吗
87	87	87	其它#捣乱	你还有什么问题吗	你 还有 什么 问题 吗	你 还 有 什 么 问 题 吗
88	88	88	其它#捣乱	你预测一下悟空的发挥吧	你 预测 一下 悟空 的 发挥 吧	你 预 测 一 下 悟 空 的 发 挥 吧
89	89	89	其它#捣乱	做朋友的绝对不会忘了你！送给你最真的祝福，让你有个暖暖的圣诞节。感动了吧！虽然只有3块钱，但也是个很棒的礼物	做 朋友 的 绝对 不会 忘 了 你 ！ 送给 你 最 真的 祝福 ， 让 你 有 个 暖暖的 圣诞节 。 感动 了 吧 ！ 虽然 只有 3 块钱 ， 但 也 是 个 很棒 的 礼物	做 朋 友 的 绝 对 不 会 忘 了 你 ！ 送 给 你 最 真 的 祝 福 ， 让 你 有 个 暖 暖 的 圣 诞 节 。 感 动 了 吧 ！ 虽 然 只 有 3 块 钱 ， 但 也 是 个 很 棒 的 礼 物
90	90	90	其它#捣乱	凉风飞舞着祝福，轻轻送上真挚的问候：愿快乐伴随，清凉一夏	凉风 飞舞 着 祝福 ， 轻轻 送上 真挚 的 问候 ： 愿 快乐 伴随 ， 清凉 一夏	凉 风 飞 舞 着 祝 福 ， 轻 轻 送 上 真 挚 的 问 候 ： 愿 快 乐 伴 随 ， 清 凉 一 夏
91	91	91	其它#捣乱	别动，举起手来	别动 ， 举起手来	别 动 ， 举 起 手 来
92	92	92	其它#捣乱	别站在人生的十字路口徘徊不定，犹豫不决。人生就这麽一次未知的旅行，在乎的是沿途的风景和旅行的心情。不会因为你的停留尔美丽的风景终止，走过的路已经成为你背後的风景	别站 在 人生 的 十字路口 徘徊 不定 ， 犹豫不决 。 人生 就 这 麽 一次 未知 的 旅行 ， 在乎 的 是 沿途 的 风景 和 旅行 的 心情 。 不会 因为 你 的 停留 尔 美丽 的 风景 终止 ， 走过 的 路 已经 成为 你 背 後 的 风景	别 站 在 人 生 的 十 字 路 口 徘 徊 不 定 ， 犹 豫 不 决 。 人 生 就 这 麽 一 次 未 知 的 旅 行 ， 在 乎 的 是 沿 途 的 风 景 和 旅 行 的 心 情 。 不 会 因 为 你 的 停 留 尔 美 丽 的 风 景 终 止 ， 走 过 的 路 已 经 成 为 你 背 後 的 风 景
93	93	93	其它#捣乱	别跟我谈感情	别跟我 谈 感情	别 跟 我 谈 感 情
94	94	94	其它#捣乱	劝你一句，老朋友：别忘了乐极生悲这句话！但愿你一切都好	劝 你 一句 ， 老朋友 ： 别忘了 乐极生悲 这句 话 ！ 但愿 你 一切 都 好	劝 你 一 句 ， 老 朋 友 ： 别 忘 了 乐 极 生 悲 这 句 话 ！ 但 愿 你 一 切 都 好
95	95	95	其它#捣乱	半个小时就可以	半个 小时 就 可以	半 个 小 时 就 可 以
96	96	96	其它#捣乱	华丽的外表，往往掩盖着肮脏的灵魂，偶像派的明星，还有追星族的傻逼们	华丽 的 外表 ， 往往 掩盖着 肮脏 的 灵魂 ， 偶像 派 的 明星 ， 还有 追星族 的 傻 逼们	华 丽 的 外 表 ， 往 往 掩 盖 着 肮 脏 的 灵 魂 ， 偶 像 派 的 明 星 ， 还 有 追 星 族 的 傻 逼 们
97	97	97	其它#捣乱	叔叔	叔叔	叔 叔
98	98	98	其它#捣乱	句中的否定词没有作谓语中心语	句 中 的 否定词 没有 作 谓语 中心语	句 中 的 否 定 词 没 有 作 谓 语 中 心 语
99	99	99	其它#捣乱	可以给我么	可以 给 我 么	可 以 给 我 么
100	100	100	其它#捣乱	可以载我一程吗	可以 载 我 一程 吗	可 以 载 我 一 程 吗
101	101	101	其它#捣乱	可能明天中午就可以	可能 明天 中午 就 可以	可 能 明 天 中 午 就 可 以
102	102	102	其它#捣乱	可能没那么快	可能 没 那么 快	可 能 没 那 么 快
103	103	103	其它#捣乱	可能要过几天才行	可能 要 过 几天 才行	可 能 要 过 几 天 才 行
104	104	104	其它#捣乱	可能需要等两个星期	可能 需要 等 两个 星期	可 能 需 要 等 两 个 星 期
105	105	105	其它#捣乱	各种矛盾的心情，痛苦地绞缢着她	各种 矛盾 的 心情 ， 痛苦 地 绞缢 着 她	各 种 矛 盾 的 心 情 ， 痛 苦 地 绞 缢 着 她
106	106	106	其它#捣乱	后来呢？怎么样了	后来 呢 ？ 怎么样 了	后 来 呢 ？ 怎 么 样 了
107	107	107	其它#捣乱	喂，你要去哪里	喂 ， 你 要 去 哪里	喂 ， 你 要 去 哪 里
108	108	108	其它#捣乱	喂，怎么没我的份	喂 ， 怎么 没 我 的 份	喂 ， 怎 么 没 我 的 份
109	109	109	其它#捣乱	嘿，我的呢	嘿 ， 我 的 呢	嘿 ， 我 的 呢
110	110	110	其它#捣乱	在他的灵魂里，两种感情，恶与答的感情，受了侮辱的自尊心与对这个受苦的女人的怜悯心，正在交战	在 他 的 灵魂 里 ， 两种 感情 ， 恶 与 答 的 感情 ， 受 了 侮辱 的 自尊心 与 对 这个 受苦 的 女人 的 怜悯 心 ， 正在 交战	在 他 的 灵 魂 里 ， 两 种 感 情 ， 恶 与 答 的 感 情 ， 受 了 侮 辱 的 自 尊 心 与 对 这 个 受 苦 的 女 人 的 怜 悯 心 ， 正 在 交 战
111	111	111	其它#捣乱	在内心深处，总有一个身影徘徊，总有一个声音问候，无论何时想起，温暖随时都能感应	在 内心深处 ， 总有 一个 身影 徘徊 ， 总有 一个 声音 问候 ， 无论 何时 想起 ， 温暖 随时 都 能 感应	在 内 心 深 处 ， 总 有 一 个 身 影 徘 徊 ， 总 有 一 个 声 音 问 候 ， 无 论 何 时 想 起 ， 温 暖 随 时 都 能 感 应
112	112	112	其它#捣乱	在通往未来的人生岔口，你坚定地选择了这条小路。路的那边是风和日丽，曲径通幽？还是急风残月，河边断桥？你无从知晓。于是，你开始迷惘忧虑，懊丧不已，后悔当初没有走上岔口那边的小路，那片风景中也许会是花好月圆，阳光灿烂。然而昨日的太阳已落，失去的风景已过，生命的旅途没有回返的路程。你已没有了选择，也不能过多的犹豫，你只能依靠着信念走出这泥泞的雨地。也许你会错过一段季节，也许你会迷失一段方向，错过了太阳，你还会再迷失月亮吗	在 通往 未来 的 人生 岔口 ， 你 坚定 地 选择 了 这条 小路 。 路 的 那边 是 风和日丽 ， 曲径通幽 ？ 还是 急风 残月 ， 河边 断桥 ？ 你 无从 知晓 。 于是 ， 你 开始 迷惘 忧虑 ， 懊丧 不已 ， 后悔 当初 没有 走上 岔口 那边 的 小路 ， 那片 风景 中 也许 会 是 花好月圆 ， 阳光灿烂 。 然而 昨日 的 太阳 已落 ， 失去 的 风景 已过 ， 生命 的 旅途 没有 回返 的 路程 。 你 已 没有 了 选择 ， 也 不能 过多 的 犹豫 ， 你 只能 依靠 着 信念 走出 这 泥泞 的 雨 地 。 也许 你 会 错过 一段 季节 ， 也许 你 会 迷失 一段 方向 ， 错过 了 太阳 ， 你 还 会 再 迷失 月亮 吗	在 通 往 未 来 的 人 生 岔 口 ， 你 坚 定 地 选 择 了 这 条 小 路 。 路 的 那 边 是 风 和 日 丽 ， 曲 径 通 幽 ？ 还 是 急 风 残 月 ， 河 边 断 桥 ？ 你 无 从 知 晓 。 于 是 ， 你 开 始 迷 惘 忧 虑 ， 懊 丧 不 已 ， 后 悔 当 初 没 有 走 上 岔 口 那 边 的 小 路 ， 那 片 风 景 中 也 许 会 是 花 好 月 圆 ， 阳 光 灿 烂 。 然 而 昨 日 的 太 阳 已 落 ， 失 去 的 风 景 已 过 ， 生 命 的 旅 途 没 有 回 返 的 路 程 。 你 已 没 有 了 选 择 ， 也 不 能 过 多 的 犹 豫 ， 你 只 能 依 靠 着 信 念 走 出 这 泥 泞 的 雨 地 。 也 许 你 会 错 过 一 段 季 节 ， 也 许 你 会 迷 失 一 段 方 向 ， 错 过 了 太 阳 ， 你 还 会 再 迷 失 月 亮 吗
113	113	113	其它#捣乱	夜宵怎么解决	夜宵 怎么 解决	夜 宵 怎 么 解 决
114	114	114	其它#捣乱	夸我一句	夸 我 一句	夸 我 一 句
115	115	115	其它#捣乱	女的	女 的	女 的
116	116	116	其它#捣乱	她收不住奔驰起来的思想，一会儿充满了幸福，幸福得心向外膨胀，一会儿充满了恐惧，感到这事是那么可怕	她 收 不住 奔驰 起来 的 思想 ， 一会儿 充满 了 幸福 ， 幸福 得心 向 外 膨胀 ， 一会儿 充满 了 恐惧 ， 感到 这事 是 那么 可怕	她 收 不 住 奔 驰 起 来 的 思 想 ， 一 会 儿 充 满 了 幸 福 ， 幸 福 得 心 向 外 膨 胀 ， 一 会 儿 充 满 了 恐 惧 ， 感 到 这 事 是 那 么 可 怕
117	117	117	其它#捣乱	她确实很漂亮	她 确实 很漂亮	她 确 实 很 漂 亮
118	118	118	其它#捣乱	好无聊啊	好 无聊 啊	好 无 聊 啊
119	119	119	其它#捣乱	好的，请稍等！请用茶，请喝豆浆	好 的 ， 请稍等 ！ 请用茶 ， 请 喝 豆浆	好 的 ， 请 稍 等 ！ 请 用 茶 ， 请 喝 豆 浆
120	120	120	其它#捣乱	姊妹两并非都在这里	姊妹 两 并非 都 在 这里	姊 妹 两 并 非 都 在 这 里
121	121	121	其它#捣乱	定闹钟会痛，不定闹钟也会痛；闹钟响会痛，闹钟不响也会痛；被叫醒会痛，叫不醒也会痛；起床会痛，不起床也会痛	定 闹钟 会痛 ， 不定 闹钟 也 会 痛 ； 闹钟 响会痛 ， 闹钟 不响 也 会 痛 ； 被 叫醒 会痛 ， 叫 不醒 也 会 痛 ； 起床 会痛 ， 不 起床 也 会 痛	定 闹 钟 会 痛 ， 不 定 闹 钟 也 会 痛 ； 闹 钟 响 会 痛 ， 闹 钟 不 响 也 会 痛 ； 被 叫 醒 会 痛 ， 叫 不 醒 也 会 痛 ； 起 床 会 痛 ， 不 起 床 也 会 痛
122	122	122	其它#捣乱	宵夜怎么解决	宵夜 怎么 解决	宵 夜 怎 么 解 决
123	123	123	其它#捣乱	寒风吹，祝福到。	寒风 吹 ， 祝福 到 。	寒 风 吹 ， 祝 福 到 。
124	124	124	其它#捣乱	对不起、请原谅、不用谢、没关心、请不要放在心上	对不起 、 请原谅 、 不用谢 、 没 关心 、 请 不要 放在心上	对 不 起 、 请 原 谅 、 不 用 谢 、 没 关 心 、 请 不 要 放 在 心 上
125	125	125	其它#捣乱	尼姑用广州话怎么读	尼姑 用 广州话 怎么 读	尼 姑 用 广 州 话 怎 么 读
126	126	126	其它#捣乱	巨大的爱和情欲正在他的内心深处激烈地搏斗，他袖着手，呆呆地望着天空	巨大 的 爱 和 情欲 正在 他 的 内心深处 激烈 地 搏斗 ， 他袖 着手 ， 呆呆地 望 着 天空	巨 大 的 爱 和 情 欲 正 在 他 的 内 心 深 处 激 烈 地 搏 斗 ， 他 袖 着 手 ， 呆 呆 地 望 着 天 空
127	127	127	其它#捣乱	希望我的祝福能驱散你平日的辛劳	希望 我 的 祝福 能 驱散 你 平日 的 辛劳	希 望 我 的 祝 福 能 驱 散 你 平 日 的 辛 劳
128	128	128	其它#捣乱	带我去学校好不好	带我去 学校 好不好	带 我 去 学 校 好 不 好
129	129	129	其它#捣乱	帮我倒杯水可以吗	帮 我 倒杯水 可以 吗	帮 我 倒 杯 水 可 以 吗
130	130	130	其它#捣乱	干炒牛河怎么做呀	干 炒 牛河 怎么 做 呀	干 炒 牛 河 怎 么 做 呀
131	131	131	其它#捣乱	应该过几天就可以	应该 过 几天 就 可以	应 该 过 几 天 就 可 以
132	132	132	其它#捣乱	开发者	开发者	开 发 者
133	133	133	其它#捣乱	当时他一方面为裘德将要在她手里受痛苦而眼泪直落，另一方面又为自己可怜而眼泪直涌，两种眼泪，互相混合	当时 他 一方面 为 裘德 将要 在 她 手里 受 痛苦 而 眼泪 直落 ， 另一方面 又 为 自己 可怜 而 眼泪 直涌 ， 两种 眼泪 ， 互相 混合	当 时 他 一 方 面 为 裘 德 将 要 在 她 手 里 受 痛 苦 而 眼 泪 直 落 ， 另 一 方 面 又 为 自 己 可 怜 而 眼 泪 直 涌 ， 两 种 眼 泪 ， 互 相 混 合
134	134	134	其它#捣乱	影响我们下决心的因素，往往既不是事情过于复杂，也不是我们的判断力不够，而是对于自己即将放弃的选择心有不甘	影响 我们 下决心 的 因素 ， 往往 既 不是 事情 过于 复杂 ， 也 不是 我们 的 判断力 不够 ， 而是 对于 自己 即将 放弃 的 选择 心有 不甘	影 响 我 们 下 决 心 的 因 素 ， 往 往 既 不 是 事 情 过 于 复 杂 ， 也 不 是 我 们 的 判 断 力 不 够 ， 而 是 对 于 自 己 即 将 放 弃 的 选 择 心 有 不 甘
135	135	135	其它#捣乱	征询语：需要我帮忙嘛？、我能为你做些什么嘛	征询 语 ： 需要 我 帮忙 嘛 ？ 、 我能 为 你 做些 什么 嘛	征 询 语 ： 需 要 我 帮 忙 嘛 ？ 、 我 能 为 你 做 些 什 么 嘛
136	136	136	其它#捣乱	很久很久，你欠了我的一声问候，哪怕只是短短的一两句寒暄	很久很久 ， 你 欠 了 我 的 一声 问候 ， 哪怕 只是 短短的 一两句 寒暄	很 久 很 久 ， 你 欠 了 我 的 一 声 问 候 ， 哪 怕 只 是 短 短 的 一 两 句 寒 暄
137	137	137	其它#捣乱	微笑将祝福传递，喜悦将幸福传送，问候温馨更暖心，祝福情真意更真，画个快乐大圈圈，年年岁岁保佑你	微笑 将 祝福 传递 ， 喜悦 将 幸福 传送 ， 问候 温馨 更暖心 ， 祝福 情 真意 更真 ， 画个 快乐 大 圈圈 ， 年年岁岁 保佑 你	微 笑 将 祝 福 传 递 ， 喜 悦 将 幸 福 传 送 ， 问 候 温 馨 更 暖 心 ， 祝 福 情 真 意 更 真 ， 画 个 快 乐 大 圈 圈 ， 年 年 岁 岁 保 佑 你
138	138	138	其它#捣乱	忙碌一周的你感觉累吗?要好好休息	忙碌 一周 的 你 感觉 累 吗 ? 要 好好 休息	忙 碌 一 周 的 你 感 觉 累 吗 ? 要 好 好 休 息
139	139	139	其它#捣乱	快回到属于你的地方	快回到 属于 你 的 地方	快 回 到 属 于 你 的 地 方
140	140	140	其它#捣乱	您好！请问您对我们的服务有没有什么意见或建议？谢谢您	您好 ！ 请问 您 对 我们 的 服务 有没有 什么 意见 或 建议 ？ 谢谢您	您 好 ！ 请 问 您 对 我 们 的 服 务 有 没 有 什 么 意 见 或 建 议 ？ 谢 谢 您
141	141	141	其它#捣乱	您好，帮您把外套挂一下？我把您的包放在这里了	您好 ， 帮 您 把 外套 挂 一下 ？ 我 把 您 的 包 放在 这里 了	您 好 ， 帮 您 把 外 套 挂 一 下 ？ 我 把 您 的 包 放 在 这 里 了
142	142	142	其它#捣乱	您好，您看还有什么需要吗	您好 ， 您 看 还有 什么 需要 吗	您 好 ， 您 看 还 有 什 么 需 要 吗
143	143	143	其它#捣乱	您好，您看这个菜可以给您合一下盘吗	您好 ， 您 看 这个 菜 可以 给 您 合 一下 盘 吗	您 好 ， 您 看 这 个 菜 可 以 给 您 合 一 下 盘 吗
144	144	144	其它#捣乱	您好，打扰一下，帮您加点水！	您好 ， 打扰 一下 ， 帮 您 加点 水 ！	您 好 ， 打 扰 一 下 ， 帮 您 加 点 水 ！
145	145	145	其它#捣乱	您好，打扰一下，帮您换下烟缸！您好，帮您清理下台面	您好 ， 打扰 一下 ， 帮 您 换下 烟缸 ！ 您好 ， 帮 您 清理 下 台面	您 好 ， 打 扰 一 下 ， 帮 您 换 下 烟 缸 ！ 您 好 ， 帮 您 清 理 下 台 面
146	146	146	其它#捣乱	您好，打扰一下，帮您罩一下衣罩	您好 ， 打扰 一下 ， 帮 您 罩 一下 衣罩	您 好 ， 打 扰 一 下 ， 帮 您 罩 一 下 衣 罩
147	147	147	其它#捣乱	您好，这是我们点的XX菜，给您分一下，好吗	您好 ， 这是 我们 点 的 XX 菜 ， 给 您 分 一下 ， 好 吗	您 好 ， 这 是 我 们 点 的 X X 菜 ， 给 您 分 一 下 ， 好 吗
148	148	148	其它#捣乱	情动三江水，诚感五岳山，心愿传千里，祝福送吉祥，好运常相伴，幸福展笑颜，开心更快乐，人旺万事顺	情动 三 江水 ， 诚感 五岳 山 ， 心愿 传 千里 ， 祝福 送 吉祥 ， 好运 常 相伴 ， 幸福 展 笑颜 ， 开心 更 快乐 ， 人旺 万事 顺	情 动 三 江 水 ， 诚 感 五 岳 山 ， 心 愿 传 千 里 ， 祝 福 送 吉 祥 ， 好 运 常 相 伴 ， 幸 福 展 笑 颜 ， 开 心 更 快 乐 ， 人 旺 万 事 顺
149	149	149	其它#捣乱	感谢所有忙碌着关注着我的朋友，感谢生命中经历的每一次问候与祝福，愿你们每天都平安祥和幸福	感谢 所有 忙碌 着 关注 着 我 的 朋友 ， 感谢 生命 中 经历 的 每 一次 问候 与 祝福 ， 愿 你们 每天 都 平安 祥和 幸福	感 谢 所 有 忙 碌 着 关 注 着 我 的 朋 友 ， 感 谢 生 命 中 经 历 的 每 一 次 问 候 与 祝 福 ， 愿 你 们 每 天 都 平 安 祥 和 幸 福
150	150	150	其它#捣乱	感谢语：谢谢、劳驾了、让您费心了、实在过意不去、麻烦您、感谢您的帮助	感谢 语 ： 谢谢 、 劳驾 了 、 让 您 费心 了 、 实在 过意不去 、 麻烦 您 、 感谢您 的 帮助	感 谢 语 ： 谢 谢 、 劳 驾 了 、 让 您 费 心 了 、 实 在 过 意 不 去 、 麻 烦 您 、 感 谢 您 的 帮 助
151	151	151	其它#捣乱	愿你拥有：春天的歌欢快，夏天的心火热，秋天的意深厚，冬天的情纯真。在未来的人生旅途中，永远保持你自己	愿 你 拥有 ： 春天 的 歌 欢快 ， 夏天 的 心 火热 ， 秋天 的 意 深厚 ， 冬天 的 情 纯真 。 在 未来 的 人生旅途 中 ， 永远 保持 你 自己	愿 你 拥 有 ： 春 天 的 歌 欢 快 ， 夏 天 的 心 火 热 ， 秋 天 的 意 深 厚 ， 冬 天 的 情 纯 真 。 在 未 来 的 人 生 旅 途 中 ， 永 远 保 持 你 自 己
152	152	152	其它#捣乱	愿如梦的幻想，消融在天边的彩霞里；愿青鸟衔起我俩，飞向生活的绿洲	愿如梦 的 幻想 ， 消融 在 天边 的 彩霞 里 ； 愿 青鸟 衔起 我俩 ， 飞 向 生活 的 绿洲	愿 如 梦 的 幻 想 ， 消 融 在 天 边 的 彩 霞 里 ； 愿 青 鸟 衔 起 我 俩 ， 飞 向 生 活 的 绿 洲
153	153	153	其它#捣乱	愿甜蜜伴你度过一天中的每一时，愿平安同你走过一时中的每一分，愿快乐陪你度过一分中的每一秒	愿 甜蜜 伴 你 度过 一天 中 的 每 一时 ， 愿 平安 同 你 走过 一时 中 的 每一分 ， 愿 快乐 陪 你 度过 一分 中 的 每一秒	愿 甜 蜜 伴 你 度 过 一 天 中 的 每 一 时 ， 愿 平 安 同 你 走 过 一 时 中 的 每 一 分 ， 愿 快 乐 陪 你 度 过 一 分 中 的 每 一 秒
154	154	154	其它#捣乱	我一会儿想往前走，一会儿想往后撤退，	我 一会儿 想 往前走 ， 一会儿 想 往后 撤退 ，	我 一 会 儿 想 往 前 走 ， 一 会 儿 想 往 后 撤 退 ，
155	155	155	其它#捣乱	我不知道晚上可不可以啊	我 不 知道 晚上 可不可以 啊	我 不 知 道 晚 上 可 不 可 以 啊
156	156	156	其它#捣乱	我不确定到底要哪一本书	我 不 确定 到底 要 哪 一 本书	我 不 确 定 到 底 要 哪 一 本 书
157	157	157	其它#捣乱	我为什么会生病	我 为什么 会 生病	我 为 什 么 会 生 病
158	158	158	其它#捣乱	我们不应该乱说话	我们 不 应该 乱说话	我 们 不 应 该 乱 说 话
159	159	159	其它#捣乱	我们不应该做不对的事	我们 不 应该 做 不 对 的 事	我 们 不 应 该 做 不 对 的 事
160	160	160	其它#捣乱	我们不应该说不对的话	我们 不 应该 说 不 对 的话	我 们 不 应 该 说 不 对 的 话
161	161	161	其它#捣乱	我们不能做不对的事	我们 不能 做 不 对 的 事	我 们 不 能 做 不 对 的 事
162	162	162	其它#捣乱	我们不能说不对的话	我们 不能 说 不 对 的话	我 们 不 能 说 不 对 的 话
163	163	163	其它#捣乱	我们在过去十年内连一面都没有见过	我们 在 过去 十年 内连 一面 都 没有 见过	我 们 在 过 去 十 年 内 连 一 面 都 没 有 见 过
164	164	164	其它#捣乱	我们应该经常地通通话	我们 应该 经常 地通 通话	我 们 应 该 经 常 地 通 通 话
165	165	165	其它#捣乱	我们是什么关系	我们 是 什么 关系	我 们 是 什 么 关 系
166	166	166	其它#捣乱	我失魂落魄，如痴似醉，一会儿我觉得自己还不够漂亮，不够富有，不够潇洒一忽儿，我为自己能够占有她而沾沾自喜，得意洋洋	我 失魂落魄 ， 如痴似醉 ， 一会儿 我 觉得 自己 还 不够 漂亮 ， 不够 富有 ， 不够 潇洒 一忽儿 ， 我 为 自己 能够 占有 她 而 沾沾自喜 ， 得意洋洋	我 失 魂 落 魄 ， 如 痴 似 醉 ， 一 会 儿 我 觉 得 自 己 还 不 够 漂 亮 ， 不 够 富 有 ， 不 够 潇 洒 一 忽 儿 ， 我 为 自 己 能 够 占 有 她 而 沾 沾 自 喜 ， 得 意 洋 洋
167	167	167	其它#捣乱	我很快就行	我 很快 就行	我 很 快 就 行
168	168	168	其它#捣乱	我思绪纷繁，心乱如麻	我 思绪 纷繁 ， 心乱如麻	我 思 绪 纷 繁 ， 心 乱 如 麻
169	169	169	其它#捣乱	我想知道我什么时候能有女朋友	我 想 知道 我 什么 时候 能 有 女朋友	我 想 知 道 我 什 么 时 候 能 有 女 朋 友
170	170	170	其它#捣乱	我请你做到以下三点：一定要成功，一定要快乐，一定要幸福	我 请 你 做到 以下 三点 ： 一定 要 成功 ， 一定 要 快乐 ， 一定 要 幸福	我 请 你 做 到 以 下 三 点 ： 一 定 要 成 功 ， 一 定 要 快 乐 ， 一 定 要 幸 福
171	171	171	其它#捣乱	我谈恋爱的原则，非诚勿扰	我 谈恋爱 的 原则 ， 非诚 勿扰	我 谈 恋 爱 的 原 则 ， 非 诚 勿 扰
172	172	172	其它#捣乱	我迷路了	我 迷路 了	我 迷 路 了
173	173	173	其它#捣乱	我钱包掉了，能借点钱给我吗	我 钱包 掉 了 ， 能 借点 钱 给 我 吗	我 钱 包 掉 了 ， 能 借 点 钱 给 我 吗
174	174	174	其它#捣乱	所以我才来晚了	所以 我 才 来 晚 了	所 以 我 才 来 晚 了
175	175	175	其它#捣乱	所以我才这样做	所以 我 才 这样 做	所 以 我 才 这 样 做
176	176	176	其它#捣乱	所有的思念，抵不过一个微笑，所有的忧愁，只需要一个问候，有雨的夜，最美那是来自天使的问候	所有 的 思念 ， 抵不过 一个 微笑 ， 所有 的 忧愁 ， 只 需要 一个 问候 ， 有雨 的 夜 ， 最美 那 是 来自 天使 的 问候	所 有 的 思 念 ， 抵 不 过 一 个 微 笑 ， 所 有 的 忧 愁 ， 只 需 要 一 个 问 候 ， 有 雨 的 夜 ， 最 美 那 是 来 自 天 使 的 问 候
177	177	177	其它#捣乱	打扰一下，帮您换下骨碟	打扰 一下 ， 帮 您 换下 骨碟	打 扰 一 下 ， 帮 您 换 下 骨 碟
178	178	178	其它#捣乱	打扰你们一下，到某地的路怎么走	打扰 你们 一下 ， 到 某地 的 路 怎么 走	打 扰 你 们 一 下 ， 到 某 地 的 路 怎 么 走
179	179	179	其它#捣乱	打断一下你们的对话	打断 一下 你们 的 对话	打 断 一 下 你 们 的 对 话
180	180	180	其它#捣乱	打篮球的男生特别帅，你喜欢打篮球吗	打篮球 的 男生 特别 帅 ， 你 喜欢 打篮球 吗	打 篮 球 的 男 生 特 别 帅 ， 你 喜 欢 打 篮 球 吗
181	181	181	其它#捣乱	拉长幸福的直线，让开心的笑容伴随左右，让快乐的生活陪伴身旁，让工作有活力，让事业有激情，愿你事事都如意，万事都顺心	拉长 幸福 的 直线 ， 让 开心 的 笑容 伴随 左右 ， 让 快乐 的 生活 陪伴 身旁 ， 让 工作 有 活力 ， 让 事业 有 激情 ， 愿 你 事事 都 如意 ， 万事 都 顺心	拉 长 幸 福 的 直 线 ， 让 开 心 的 笑 容 伴 随 左 右 ， 让 快 乐 的 生 活 陪 伴 身 旁 ， 让 工 作 有 活 力 ， 让 事 业 有 激 情 ， 愿 你 事 事 都 如 意 ， 万 事 都 顺 心
182	182	182	其它#捣乱	挑逗	挑逗	挑 逗
183	183	183	其它#捣乱	教我好不好	教 我 好不好	教 我 好 不 好
184	184	184	其它#捣乱	无尽的人海中，我们相聚又分离	无尽 的 人海中 ， 我们 相聚 又 分离	无 尽 的 人 海 中 ， 我 们 相 聚 又 分 离
185	185	185	其它#捣乱	早上好阳光为你烘烤温暖的味道，问候为你带来快乐的奇妙，清新的早晨，希望我的一条短信，给你一天简单而充实的幸福，早上好	早上好 阳光 为 你 烘烤 温暖 的 味道 ， 问候 为 你 带来 快乐 的 奇妙 ， 清新 的 早晨 ， 希望 我 的 一条 短信 ， 给 你 一天 简单 而 充实 的 幸福 ， 早上好	早 上 好 阳 光 为 你 烘 烤 温 暖 的 味 道 ， 问 候 为 你 带 来 快 乐 的 奇 妙 ， 清 新 的 早 晨 ， 希 望 我 的 一 条 短 信 ， 给 你 一 天 简 单 而 充 实 的 幸 福 ， 早 上 好
186	186	186	其它#捣乱	早上好，一束阳光照在身，祝你天天都开心，财神家中去，梦想变成真，今天中大奖，明天去上任，朋友的祝福全都是真心	早上好 ， 一束 阳光 照 在 身 ， 祝 你 天天 都 开心 ， 财神 家中 去 ， 梦想 变成 真 ， 今天 中大奖 ， 明天 去 上任 ， 朋友 的 祝福 全都 是 真心	早 上 好 ， 一 束 阳 光 照 在 身 ， 祝 你 天 天 都 开 心 ， 财 神 家 中 去 ， 梦 想 变 成 真 ， 今 天 中 大 奖 ， 明 天 去 上 任 ， 朋 友 的 祝 福 全 都 是 真 心
187	187	187	其它#捣乱	早上没有空	早上 没有 空	早 上 没 有 空
188	188	188	其它#捣乱	早晨，清凉的空气如牛乳般新鲜，冉起的太阳如梦想般希望。天明，亮起的不只是阳光，还要有你的好心情哦，早安	早晨 ， 清凉 的 空气 如 牛乳 般 新鲜 ， 冉起 的 太阳 如 梦想 般 希望 。 天明 ， 亮起 的 不 只是 阳光 ， 还要 有 你 的 好 心情 哦 ， 早安	早 晨 ， 清 凉 的 空 气 如 牛 乳 般 新 鲜 ， 冉 起 的 太 阳 如 梦 想 般 希 望 。 天 明 ， 亮 起 的 不 只 是 阳 光 ， 还 要 有 你 的 好 心 情 哦 ， 早 安
189	189	189	其它#捣乱	明天几点出发	明天 几点 出发	明 天 几 点 出 发
190	190	190	其它#捣乱	明天可不可以	明天 可不可以	明 天 可 不 可 以
191	191	191	其它#捣乱	明天没时间	明天 没 时间	明 天 没 时 间
192	192	192	其它#捣乱	春天，有梦一般的花；春天，有花一般的梦。春天到了！愿你的梦，像美丽的花；愿你心中的花，像美丽的梦	春天 ， 有 梦 一般 的 花 ； 春天 ， 有花 一般 的 梦 。 春天 到 了 ！ 愿 你 的 梦 ， 像 美丽 的 花 ； 愿 你 心中 的 花 ， 像 美丽 的 梦	春 天 ， 有 梦 一 般 的 花 ； 春 天 ， 有 花 一 般 的 梦 。 春 天 到 了 ！ 愿 你 的 梦 ， 像 美 丽 的 花 ； 愿 你 心 中 的 花 ， 像 美 丽 的 梦
193	193	193	其它#捣乱	春风向树木问好， 花儿向人们问好. 五谷向闲田问好。有谁懂，年复一年忙碌的背后，是被忽略的问候与祝福	春风 向 树木 问好 ，   花儿 向 人们 问好 .   五谷 向 闲田 问好 。 有 谁 懂 ， 年复一年 忙碌 的 背后 ， 是 被 忽略 的 问候 与 祝福	春 风 向 树 木 问 好 ， 花 儿 向 人 们 问 好 . 五 谷 向 闲 田 问 好 。 有 谁 懂 ， 年 复 一 年 忙 碌 的 背 后 ， 是 被 忽 略 的 问 候 与 祝 福
194	194	194	其它#捣乱	是先杀猪呢 还是先杀驴呢	是 先 杀猪 呢   还是 先杀 驴 呢	是 先 杀 猪 呢 还 是 先 杀 驴 呢
195	195	195	其它#捣乱	晚上吧	晚上 吧	晚 上 吧
196	196	196	其它#捣乱	晚上有空吗	晚上 有空 吗	晚 上 有 空 吗
197	197	197	其它#捣乱	有些机会，因瞬间的犹豫，擦肩而过；有些缘分，因一时的任性，滑落指间；有些感情，因一时的冲动，遗憾一生；有些人，一转身就是一辈子。许多感情疏远淡漠，无力挽回，只源于一念之差	有些 机会 ， 因 瞬间 的 犹豫 ， 擦肩而过 ； 有些 缘分 ， 因 一时 的 任性 ， 滑落 指 间 ； 有些 感情 ， 因 一时 的 冲动 ， 遗憾 一生 ； 有些 人 ， 一 转身 就是 一辈子 。 许多 感情 疏远 淡漠 ， 无力 挽回 ， 只 源于 一念之差	有 些 机 会 ， 因 瞬 间 的 犹 豫 ， 擦 肩 而 过 ； 有 些 缘 分 ， 因 一 时 的 任 性 ， 滑 落 指 间 ； 有 些 感 情 ， 因 一 时 的 冲 动 ， 遗 憾 一 生 ； 有 些 人 ， 一 转 身 就 是 一 辈 子 。 许 多 感 情 疏 远 淡 漠 ， 无 力 挽 回 ， 只 源 于 一 念 之 差
198	198	198	其它#捣乱	有时候，我们在爱情中犹豫不决，会彷徨失措	有时候 ， 我们 在 爱情 中 犹豫不决 ， 会 彷徨 失措	有 时 候 ， 我 们 在 爱 情 中 犹 豫 不 决 ， 会 彷 徨 失 措
199	199	199	其它#捣乱	有时候，我们在爱情中犹豫不决，会彷徨失措，会被流言蜚语和冷言冷语中伤，继而会对原本在意的这段感情产生质疑	有时候 ， 我们 在 爱情 中 犹豫不决 ， 会 彷徨 失措 ， 会 被 流言蜚语 和 冷言冷语 中伤 ， 继而 会 对 原本 在意 的 这段 感情 产生 质疑	有 时 候 ， 我 们 在 爱 情 中 犹 豫 不 决 ， 会 彷 徨 失 措 ， 会 被 流 言 蜚 语 和 冷 言 冷 语 中 伤 ， 继 而 会 对 原 本 在 意 的 这 段 感 情 产 生 质 疑
200	200	200	其它#捣乱	朋友，当永放心头，永不相忘；朋友，当共荣辱，当同患难；友谊，如流水不因石而阻，不因远而疏。朋友，祝你有个好心情哦	朋友 ， 当永 放心 头 ， 永不 相忘 ； 朋友 ， 当共 荣辱 ， 当同 患难 ； 友谊 ， 如 流水 不因 石而阻 ， 不 因远 而 疏 。 朋友 ， 祝 你 有 个 好 心情 哦	朋 友 ， 当 永 放 心 头 ， 永 不 相 忘 ； 朋 友 ， 当 共 荣 辱 ， 当 同 患 难 ； 友 谊 ， 如 流 水 不 因 石 而 阻 ， 不 因 远 而 疏 。 朋 友 ， 祝 你 有 个 好 心 情 哦
201	201	201	其它#捣乱	朋友，愿你飞过辽阔的天空，穿过无边的旷野，越过璀璨的星河，直到矗立在彩虹之巅	朋友 ， 愿 你 飞过 辽阔 的 天空 ， 穿过 无边 的 旷野 ， 越过 璀璨 的 星河 ， 直到 矗立 在 彩虹 之巅	朋 友 ， 愿 你 飞 过 辽 阔 的 天 空 ， 穿 过 无 边 的 旷 野 ， 越 过 璀 璨 的 星 河 ， 直 到 矗 立 在 彩 虹 之 巅
202	202	202	其它#捣乱	望下次还能为您服务	望 下次 还 能 为您服务	望 下 次 还 能 为 您 服 务
203	203	203	其它#捣乱	清晨的美好就如青草般芳香，如河溪般清澈，如玻璃般透明，如甘露般香甜。亲爱的朋友，早上好，愿你今天有个好心情	清晨 的 美好 就 如 青草 般 芳香 ， 如河溪般 清澈 ， 如 玻璃 般 透明 ， 如 甘露 般 香甜 。 亲爱 的 朋友 ， 早上好 ， 愿 你 今天 有个 好 心情	清 晨 的 美 好 就 如 青 草 般 芳 香 ， 如 河 溪 般 清 澈 ， 如 玻 璃 般 透 明 ， 如 甘 露 般 香 甜 。 亲 爱 的 朋 友 ， 早 上 好 ， 愿 你 今 天 有 个 好 心 情
204	204	204	其它#捣乱	炎炎的烈日，足以拷问丑恶的内心，辛苦的工作，可暂忘浮浅的思春	炎炎 的 烈日 ， 足以 拷问 丑恶 的 内心 ， 辛苦 的 工作 ， 可暂 忘 浮浅 的 思春	炎 炎 的 烈 日 ， 足 以 拷 问 丑 恶 的 内 心 ， 辛 苦 的 工 作 ， 可 暂 忘 浮 浅 的 思 春
205	205	205	其它#捣乱	犹豫不决是以无知为基础的	犹豫不决 是 以 无知 为 基础 的	犹 豫 不 决 是 以 无 知 为 基 础 的
206	206	206	其它#捣乱	电视播放	电视 播放	电 视 播 放
207	207	207	其它#捣乱	男孩	男孩	男 孩
208	208	208	其它#捣乱	睁开眼，缓一缓；快起床，伸懒腰；笑一笑，美好的一天又开始了。早安，祝你今天好心情，工作顺利，生活甜美	睁开眼 ， 缓一缓 ； 快 起床 ， 伸懒腰 ； 笑一笑 ， 美好 的 一天 又 开始 了 。 早安 ， 祝 你 今天 好 心情 ， 工作 顺利 ， 生活 甜美	睁 开 眼 ， 缓 一 缓 ； 快 起 床 ， 伸 懒 腰 ； 笑 一 笑 ， 美 好 的 一 天 又 开 始 了 。 早 安 ， 祝 你 今 天 好 心 情 ， 工 作 顺 利 ， 生 活 甜 美
209	209	209	其它#捣乱	矛盾的心情像一条毒蛇，在咬啮他的脏腑	矛盾 的 心情 像 一条 毒蛇 ， 在 咬啮 他 的 脏腑	矛 盾 的 心 情 像 一 条 毒 蛇 ， 在 咬 啮 他 的 脏 腑
210	210	210	其它#捣乱	祝你天天拥有：蓬勃的激情，雄壮的豪情，执着的热情，甜美的爱情，洒脱的表情，爽朗的神情，愉快的心情	祝 你 天天 拥有 ： 蓬勃 的 激情 ， 雄壮 的 豪情 ， 执着 的 热情 ， 甜美 的 爱情 ， 洒脱 的 表情 ， 爽朗 的 神情 ， 愉快 的 心情	祝 你 天 天 拥 有 ： 蓬 勃 的 激 情 ， 雄 壮 的 豪 情 ， 执 着 的 热 情 ， 甜 美 的 爱 情 ， 洒 脱 的 表 情 ， 爽 朗 的 神 情 ， 愉 快 的 心 情
211	211	211	其它#捣乱	神说：幸福是有一颗感恩的心，健康的身体，称心的工作，一位深爱你的人，一帮信赖的朋友你会拥有这一切！祝圣诞快乐	神说 ： 幸福 是 有 一颗 感恩 的 心 ， 健康 的 身体 ， 称心 的 工作 ， 一位 深爱 你 的 人 ， 一帮 信赖 的 朋友 你 会 拥有 这 一切 ！ 祝 圣诞快乐	神 说 ： 幸 福 是 有 一 颗 感 恩 的 心 ， 健 康 的 身 体 ， 称 心 的 工 作 ， 一 位 深 爱 你 的 人 ， 一 帮 信 赖 的 朋 友 你 会 拥 有 这 一 切 ！ 祝 圣 诞 快 乐
212	212	212	其它#捣乱	稍有犹豫便就不然了	稍 有 犹豫 便 就 不然 了	稍 有 犹 豫 便 就 不 然 了
213	213	213	其它#捣乱	突然的彷徨，突然的不知所措	突然 的 彷徨 ， 突然 的 不知所措	突 然 的 彷 徨 ， 突 然 的 不 知 所 措
214	214	214	其它#捣乱	站在人生的十字路口，我们也许会徘徊不定、犹豫不决。	站 在 人生 的 十字路口 ， 我们 也许 会 徘徊 不定 、 犹豫不决 。	站 在 人 生 的 十 字 路 口 ， 我 们 也 许 会 徘 徊 不 定 、 犹 豫 不 决 。
215	215	215	其它#捣乱	笑一个	笑 一个	笑 一 个
216	216	216	其它#捣乱	等等不行吗	等等 不行 吗	等 等 不 行 吗
217	217	217	其它#捣乱	等等我五分钟	等等 我 五分钟	等 等 我 五 分 钟
218	218	218	其它#捣乱	能勾搭你么	能 勾搭 你 么	能 勾 搭 你 么
219	219	219	其它#捣乱	能顺路载我一程吗	能 顺路 载 我 一程 吗	能 顺 路 载 我 一 程 吗
220	220	220	其它#捣乱	致歉语：对不起、请原谅、不用谢、没关心、请不要放在心上	致歉 语 ： 对不起 、 请原谅 、 不用谢 、 没 关心 、 请 不要 放在心上	致 歉 语 ： 对 不 起 、 请 原 谅 、 不 用 谢 、 没 关 心 、 请 不 要 放 在 心 上
221	221	221	其它#捣乱	落叶知秋，情谊如酒，风渐凉时无喜更无忧。岁月流走，蓦然回首，一声问候醇绵依旧。友情相守，不离左右，含笑送出这份问候：季节交替，注意身体	落叶知秋 ， 情谊 如酒 ， 风 渐凉 时无喜 更 无忧 。 岁月 流走 ， 蓦然回首 ， 一声 问候 醇绵 依旧 。 友情 相守 ， 不 离 左右 ， 含笑 送 出 这份 问候 ： 季节 交替 ， 注意 身体	落 叶 知 秋 ， 情 谊 如 酒 ， 风 渐 凉 时 无 喜 更 无 忧 。 岁 月 流 走 ， 蓦 然 回 首 ， 一 声 问 候 醇 绵 依 旧 。 友 情 相 守 ， 不 离 左 右 ， 含 笑 送 出 这 份 问 候 ： 季 节 交 替 ， 注 意 身 体
222	222	222	其它#捣乱	虽然烈日炎炎，周一还得上班，高温令人疲倦，要与快乐连线。见人面带微笑，好运与你触电；懒散情绪抛开，精神焕发容颜；烦恼莫放心头，潇洒自然相见。周一问候给力，再忙再累也要心情美丽，开心面对	虽然 烈日炎炎 ， 周一 还 得 上班 ， 高温 令人疲倦 ， 要 与 快乐 连线 。 见 人 面带微笑 ， 好运 与 你 触电 ； 懒散 情绪 抛开 ， 精神焕发 容颜 ； 烦恼 莫 放心 头 ， 潇洒 自然 相见 。 周一 问候 给力 ， 再 忙 再 累 也 要 心情 美丽 ， 开心 面对	虽 然 烈 日 炎 炎 ， 周 一 还 得 上 班 ， 高 温 令 人 疲 倦 ， 要 与 快 乐 连 线 。 见 人 面 带 微 笑 ， 好 运 与 你 触 电 ； 懒 散 情 绪 抛 开 ， 精 神 焕 发 容 颜 ； 烦 恼 莫 放 心 头 ， 潇 洒 自 然 相 见 。 周 一 问 候 给 力 ， 再 忙 再 累 也 要 心 情 美 丽 ， 开 心 面 对
223	223	223	其它#捣乱	衷心祝福：上帝保佑你！彩票关心你！菩萨爱护你！要云得云，要雨得雨！花天酒地，黄金遍地	衷心祝福 ： 上帝保佑 你 ！ 彩票 关心 你 ！ 菩萨 爱护你 ！ 要云得 云 ， 要雨得雨 ！ 花天酒地 ， 黄金 遍地	衷 心 祝 福 ： 上 帝 保 佑 你 ！ 彩 票 关 心 你 ！ 菩 萨 爱 护 你 ！ 要 云 得 云 ， 要 雨 得 雨 ！ 花 天 酒 地 ， 黄 金 遍 地
224	224	224	其它#捣乱	要不要一起去跑步	要 不要 一起 去 跑步	要 不 要 一 起 去 跑 步
225	225	225	其它#捣乱	要不要一起去逛街	要 不要 一起 去 逛街	要 不 要 一 起 去 逛 街
226	226	226	其它#捣乱	要去哪里	要 去 哪里	要 去 哪 里
227	227	227	其它#捣乱	要是没有你的帮助，恐怕要失败了	要是 没有 你 的 帮助 ， 恐怕 要 失败 了	要 是 没 有 你 的 帮 助 ， 恐 怕 要 失 败 了
228	228	228	其它#捣乱	要是没有你，都不知道怎么办啊	要是 没有 你 ， 都 不 知道 怎么办 啊	要 是 没 有 你 ， 都 不 知 道 怎 么 办 啊
229	229	229	其它#捣乱	要等到6点才知道	要 等到 6 点才 知道	要 等 到 6 点 才 知 道
230	230	230	其它#捣乱	请带好您的随身物品，请慢走	请 带 好 您 的 随身 物品 ， 请 慢走	请 带 好 您 的 随 身 物 品 ， 请 慢 走
231	231	231	其它#捣乱	请带好您的随身物品，请慢走！谢谢光临，希	请 带 好 您 的 随身 物品 ， 请 慢走 ！ 谢谢 光临 ， 希	请 带 好 您 的 随 身 物 品 ， 请 慢 走 ！ 谢 谢 光 临 ， 希
232	232	232	其它#捣乱	请慢用	请 慢用	请 慢 用
233	233	233	其它#捣乱	请我吃饭好不好	请 我 吃饭 好不好	请 我 吃 饭 好 不 好
234	234	234	其它#捣乱	请问您喝点什么？我们这有茶水、饮料、豆浆、酸梅汤。	请问 您 喝点 什么 ？ 我们 这有 茶水 、 饮料 、 豆浆 、 酸梅汤 。	请 问 您 喝 点 什 么 ？ 我 们 这 有 茶 水 、 饮 料 、 豆 浆 、 酸 梅 汤 。
235	235	235	其它#捣乱	请问菜品需要打包吗	请问 菜品 需要 打包 吗	请 问 菜 品 需 要 打 包 吗
236	236	236	其它#捣乱	调教	调教	调 教
237	237	237	其它#捣乱	谢谢、劳驾了、让您费心了、实在过意不去、麻烦您、感谢您的帮助	谢谢 、 劳驾 了 、 让 您 费心 了 、 实在 过意不去 、 麻烦 您 、 感谢您 的 帮助	谢 谢 、 劳 驾 了 、 让 您 费 心 了 、 实 在 过 意 不 去 、 麻 烦 您 、 感 谢 您 的 帮 助
238	238	238	其它#捣乱	起床是会呼吸的痛，挣扎在每个细胞中	起床 是 会 呼吸 的 痛 ， 挣扎 在 每个 细胞 中	起 床 是 会 呼 吸 的 痛 ， 挣 扎 在 每 个 细 胞 中
239	239	239	其它#捣乱	距离有短有长，不论短长，都铺满着我的思念；短信有短有长，不论短长，都充盈着我的挂牵；祝福有短有长，不论短长，都代表着我的心愿：祝你快乐天天	距离 有 短 有长 ， 不论 短长 ， 都 铺满 着 我 的 思念 ； 短信 有 短 有长 ， 不论 短长 ， 都 充盈 着 我 的 挂牵 ； 祝福 有 短 有长 ， 不论 短长 ， 都 代表 着 我 的 心愿 ： 祝你快乐 天天	距 离 有 短 有 长 ， 不 论 短 长 ， 都 铺 满 着 我 的 思 念 ； 短 信 有 短 有 长 ， 不 论 短 长 ， 都 充 盈 着 我 的 挂 牵 ； 祝 福 有 短 有 长 ， 不 论 短 长 ， 都 代 表 着 我 的 心 愿 ： 祝 你 快 乐 天 天
240	240	240	其它#捣乱	路，共同欣赏才风景美丽；情，互相交流才更加真切。问个好，情谊永在，祝你心情愉快	路 ， 共同 欣赏 才 风景 美丽 ； 情 ， 互相 交流 才 更加 真切 。 问个 好 ， 情谊 永 在 ， 祝 你 心情愉快	路 ， 共 同 欣 赏 才 风 景 美 丽 ； 情 ， 互 相 交 流 才 更 加 真 切 。 问 个 好 ， 情 谊 永 在 ， 祝 你 心 情 愉 快
241	241	241	其它#捣乱	身体不舒服，怎么办啊	身体 不 舒服 ， 怎么办 啊	身 体 不 舒 服 ， 怎 么 办 啊
242	242	242	其它#捣乱	轮到我讲话了，你们停一下	轮到 我 讲话 了 ， 你们 停 一下	轮 到 我 讲 话 了 ， 你 们 停 一 下
243	243	243	其它#捣乱	还有多久轮到我	还有 多久 轮到 我	还 有 多 久 轮 到 我
244	244	244	其它#捣乱	这个夏天，真心祝愿：大树庇护你，烈日让着你，微风向着你，暴雨躲着你，爱人由着你，邻居帮着你，朋友记着你，中奖500万的只有你	这个 夏天 ， 真心 祝愿 ： 大树 庇护 你 ， 烈日 让 着 你 ， 微风 向着 你 ， 暴雨 躲 着 你 ， 爱人 由 着 你 ， 邻居 帮着 你 ， 朋友 记着 你 ， 中奖 500 万 的 只有 你	这 个 夏 天 ， 真 心 祝 愿 ： 大 树 庇 护 你 ， 烈 日 让 着 你 ， 微 风 向 着 你 ， 暴 雨 躲 着 你 ， 爱 人 由 着 你 ， 邻 居 帮 着 你 ， 朋 友 记 着 你 ， 中 奖 5 0 0 万 的 只 有 你
245	245	245	其它#捣乱	这个月我有空	这个 月 我 有空	这 个 月 我 有 空
246	246	246	其它#捣乱	这个礼拜都没时间	这个 礼拜 都 没 时间	这 个 礼 拜 都 没 时 间
247	247	247	其它#捣乱	这个穷孩子无新衣服穿	这个 穷孩子 无新 衣服 穿	这 个 穷 孩 子 无 新 衣 服 穿
248	248	248	其它#捣乱	这个穷孩子没有一件新衣服	这个 穷孩子 没有 一件 新 衣服	这 个 穷 孩 子 没 有 一 件 新 衣 服
249	249	249	其它#捣乱	这些矛盾在他心中乱碰，使他一天到晚的五脊六兽的不大好过	这些 矛盾 在 他 心中 乱 碰 ， 使 他 一天到晚 的 五脊六兽 的 不大好 过	这 些 矛 盾 在 他 心 中 乱 碰 ， 使 他 一 天 到 晚 的 五 脊 六 兽 的 不 大 好 过
250	250	250	其它#捣乱	这是非主流事件	这是 非主流 事件	这 是 非 主 流 事 件
251	251	251	其它#捣乱	这本书好不好看	这 本书 好不好 看	这 本 书 好 不 好 看
252	252	252	其它#捣乱	这本书很好看	这 本书 很 好看	这 本 书 很 好 看
253	253	253	其它#捣乱	这药非处方药	这药 非处方药	这 药 非 处 方 药
254	254	254	其它#捣乱	这里确实很大	这里 确实 很大	这 里 确 实 很 大
255	255	255	其它#捣乱	迷路了，怎么办	迷路 了 ， 怎么办	迷 路 了 ， 怎 么 办
256	256	256	其它#捣乱	送上一条解乏短信，愿你周一早晨精精神神，起床上班不再痛	送上 一条 解乏 短信 ， 愿 你 周一 早晨 精 精神 神 ， 起床 上班 不再 痛	送 上 一 条 解 乏 短 信 ， 愿 你 周 一 早 晨 精 精 神 神 ， 起 床 上 班 不 再 痛
257	257	257	其它#捣乱	送你一串祝福，浇灌你幸福的生活	送 你 一串 祝福 ， 浇灌 你 幸福 的 生活	送 你 一 串 祝 福 ， 浇 灌 你 幸 福 的 生 活
258	258	258	其它#捣乱	那么，你觉得她漂亮吗	那么 ， 你 觉得 她 漂亮 吗	那 么 ， 你 觉 得 她 漂 亮 吗
259	259	259	其它#捣乱	那件事怎么说来的	那件事 怎么 说来 的	那 件 事 怎 么 说 来 的
260	260	260	其它#捣乱	错不全在我	错不全 在 我	错 不 全 在 我
261	261	261	其它#捣乱	问候语：您好！欢迎光临，里面请，您请坐	问候语 ： 您好 ！ 欢迎光临 ， 里面 请 ， 您 请 坐	问 候 语 ： 您 好 ！ 欢 迎 光 临 ， 里 面 请 ， 您 请 坐
262	262	262	其它#捣乱	问候远方的朋友：多一些开心，少一些烦恼，时时好心情。便用点滴的问候 想抚平你一点	问候 远方 的 朋友 ： 多一些 开心 ， 少 一些 烦恼 ， 时时 好 心情 。 便用 点滴 的 问候   想 抚平 你 一点	问 候 远 方 的 朋 友 ： 多 一 些 开 心 ， 少 一 些 烦 恼 ， 时 时 好 心 情 。 便 用 点 滴 的 问 候 想 抚 平 你 一 点
263	263	263	其它#捣乱	阿姨	阿姨	阿 姨
264	264	264	其它#捣乱	需要多少天才可以	需要 多少 天才 可以	需 要 多 少 天 才 可 以
265	265	265	其它#捣乱	需要等多久啊	需要 等 多久 啊	需 要 等 多 久 啊
266	266	266	其它#捣乱	非主流英语句子没意义	非主流 英语 句子 没 意义	非 主 流 英 语 句 子 没 意 义
267	267	267	其它#捣乱	非也！我不喜欢这糖果	非 也 ！ 我 不 喜欢 这 糖果	非 也 ！ 我 不 喜 欢 这 糖 果
268	268	268	其它#捣乱	非勇敢非好汉，非泼辣非辣妹	非 勇敢 非 好汉 ， 非 泼辣 非 辣妹	非 勇 敢 非 好 汉 ， 非 泼 辣 非 辣 妹
269	269	269	其它#捣乱	非地震后，没有一栋房子不倒塌	非 地震 后 ， 没有 一栋 房子 不 倒塌	非 地 震 后 ， 没 有 一 栋 房 子 不 倒 塌
270	270	270	其它#捣乱	非天仙非妖魔，确能长的如此美丽，世间甚是少见	非 天仙 非 妖魔 ， 确能长 的 如此 美丽 ， 世间 甚 是 少见	非 天 仙 非 妖 魔 ， 确 能 长 的 如 此 美 丽 ， 世 间 甚 是 少 见
271	271	271	其它#捣乱	非法入侵行为不值得提倡	非法 入侵 行为 不 值得 提倡	非 法 入 侵 行 为 不 值 得 提 倡
272	272	272	其它#捣乱	非潘安非宋玉	非 潘安 非 宋玉	非 潘 安 非 宋 玉
273	273	273	其它#捣乱	非萝莉非萌妞	非萝莉 非萌 妞	非 萝 莉 非 萌 妞
274	274	274	其它#捣乱	风吹散了蒲公英的思绪，把它的希望带到了远方；在哪里梦里有了生命力，在哪里渴望变得坚强；每一个执着的人啊，去奋斗吧，为了路上的远方	风 吹散 了 蒲公英 的 思绪 ， 把 它 的 希望 带到 了 远方 ； 在 哪里 梦里 有 了 生命力 ， 在 哪里 渴望 变得 坚强 ； 每 一个 执着 的 人 啊 ， 去 奋斗 吧 ， 为了 路上 的 远方	风 吹 散 了 蒲 公 英 的 思 绪 ， 把 它 的 希 望 带 到 了 远 方 ； 在 哪 里 梦 里 有 了 生 命 力 ， 在 哪 里 渴 望 变 得 坚 强 ； 每 一 个 执 着 的 人 啊 ， 去 奋 斗 吧 ， 为 了 路 上 的 远 方
275	275	275	其它#捣乱	风面语：早上好、下午好、晚上好、您好、请多多指教、请多关照	风面语 ： 早上好 、 下午 好 、 晚上 好 、 您好 、 请 多多指教 、 请多关照	风 面 语 ： 早 上 好 、 下 午 好 、 晚 上 好 、 您 好 、 请 多 多 指 教 、 请 多 关 照
276	276	276	其它#捣乱	香辣鸡翅好吃吗	香辣 鸡翅 好吃 吗	香 辣 鸡 翅 好 吃 吗
277	277	277	其它#捣乱	鼓掌，鼓掌	鼓掌 ， 鼓掌	鼓 掌 ， 鼓 掌
278	278	278	其它#捣乱	﻿哎，又过了一天	﻿ 哎 ， 又 过 了 一天	﻿ 哎 ， 又 过 了 一 天
279	279	279	其它#捣乱	﻿调戏	﻿ 调戏	﻿ 调 戏
280	280	280	其它#骂人	2B	2B	2 B
281	281	281	其它#骂人	丫的	丫 的	丫 的
282	282	282	其它#骂人	二逼	二 逼	二 逼
283	283	283	其它#骂人	人渣	人渣	人 渣
284	284	284	其它#骂人	低能	低能	低 能
285	285	285	其它#骂人	低能儿	低能儿	低 能 儿
286	286	286	其它#骂人	你个屌丝	你 个 屌丝	你 个 屌 丝
287	287	287	其它#骂人	你个狗日的	你 个 狗日 的	你 个 狗 日 的
288	288	288	其它#骂人	你丫的	你 丫 的	你 丫 的
289	289	289	其它#骂人	你他妈废话啊	你 他 妈 废话 啊	你 他 妈 废 话 啊
290	290	290	其它#骂人	你们住嘴	你们 住嘴	你 们 住 嘴
291	291	291	其它#骂人	你们闭嘴	你们 闭嘴	你 们 闭 嘴
292	292	292	其它#骂人	你傻吗	你 傻 吗	你 傻 吗
293	293	293	其它#骂人	你好屌	你好 屌	你 好 屌
294	294	294	其它#骂人	你妹	你妹	你 妹
295	295	295	其它#骂人	你妹啊，明明不是我	你妹 啊 ， 明明 不是 我	你 妹 啊 ， 明 明 不 是 我
296	296	296	其它#骂人	你有病啊	你 有 病 啊	你 有 病 啊
297	297	297	其它#骂人	你有病啊，前言不搭后语的	你 有 病 啊 ， 前言不搭后语 的	你 有 病 啊 ， 前 言 不 搭 后 语 的
298	298	298	其它#骂人	你真逗逼	你 真 逗 逼	你 真 逗 逼
299	299	299	其它#骂人	傻逼	傻 逼	傻 逼
300	300	300	其它#骂人	傻逼，听不懂我刚刚说什么了啊	傻 逼 ， 听不懂 我 刚刚 说 什么 了 啊	傻 逼 ， 听 不 懂 我 刚 刚 说 什 么 了 啊
301	301	301	其它#骂人	八嘎牙路	八嘎 牙路	八 嘎 牙 路
302	302	302	其它#骂人	去你的	去 你 的	去 你 的
303	303	303	其它#骂人	去死、去死、去死	去 死 、 去 死 、 去 死	去 死 、 去 死 、 去 死
304	304	304	其它#骂人	去死把	去 死 把	去 死 把
305	305	305	其它#骂人	变态	变态	变 态
306	306	306	其它#骂人	变态，老是讲那些东西	变态 ， 老是 讲 那些 东西	变 态 ， 老 是 讲 那 些 东 西
307	307	307	其它#骂人	妈B	妈 B	妈 B
308	308	308	其它#骂人	妈的	妈 的	妈 的
309	309	309	其它#骂人	妈逼	妈 逼	妈 逼
310	310	310	其它#骂人	妹的	妹 的	妹 的
311	311	311	其它#骂人	尼玛	尼玛	尼 玛
312	312	312	其它#骂人	尼玛，我对你无语了	尼玛 ， 我 对 你 无语 了	尼 玛 ， 我 对 你 无 语 了
313	313	313	其它#骂人	屌	屌	屌
314	314	314	其它#骂人	屌丝	屌丝	屌 丝
315	315	315	其它#骂人	废话	废话	废 话
316	316	316	其它#骂人	废话不要讲那么多，给点实际的	废话 不要 讲 那么 多 ， 给 点 实际 的	废 话 不 要 讲 那 么 多 ， 给 点 实 际 的
317	317	317	其它#骂人	弱智	弱智	弱 智
318	318	318	其它#骂人	我勒个去	我勒个 去	我 勒 个 去
319	319	319	其它#骂人	我去	我 去	我 去
320	320	320	其它#骂人	我现在不想听你讲话，给我滚	我 现在 不想 听 你 讲话 ， 给 我 滚	我 现 在 不 想 听 你 讲 话 ， 给 我 滚
321	321	321	其它#骂人	我草	我草	我 草
322	322	322	其它#骂人	杀马特	杀马特	杀 马 特
323	323	323	其它#骂人	流氓	流氓	流 氓
324	324	324	其它#骂人	流氓，能说点好听的么	流氓 ， 能 说 点 好听 的 么	流 氓 ， 能 说 点 好 听 的 么
325	325	325	其它#骂人	混蛋	混蛋	混 蛋
326	326	326	其它#骂人	混账	混账	混 账
327	327	327	其它#骂人	滚滚滚	滚滚 滚	滚 滚 滚
328	328	328	其它#骂人	煞笔	煞笔	煞 笔
329	329	329	其它#骂人	狗日的	狗日 的	狗 日 的
330	330	330	其它#骂人	神经	神经	神 经
331	331	331	其它#骂人	神经病	神经病	神 经 病
332	332	332	其它#骂人	给我滚	给 我 滚	给 我 滚
333	333	333	其它#骂人	艹草	艹 草	艹 草
334	334	334	其它#骂人	贱人，住嘴	贱人 ， 住嘴	贱 人 ， 住 嘴
335	335	335	其它#骂人	贱人，你刚刚说什么来着	贱人 ， 你 刚刚 说 什么 来 着	贱 人 ， 你 刚 刚 说 什 么 来 着
336	336	336	其它#骂人	逗逼	逗 逼	逗 逼
337	337	337	其它#骂人	都给我住嘴	都 给 我 住嘴	都 给 我 住 嘴
338	338	338	其它#骂人	闭嘴	闭嘴	闭 嘴
339	339	339	其它#骂人	靠靠靠	靠靠 靠	靠 靠 靠
340	340	340	其它#骂人	靠，讲的话那么难听	靠 ， 讲 的话 那么 难听	靠 ， 讲 的 话 那 么 难 听
341	341	341	其它#骂人	顶顶顶、顶顶顶、顶顶顶	顶顶顶 、 顶顶顶 、 顶顶顶	顶 顶 顶 、 顶 顶 顶 、 顶 顶 顶
342	342	342	其它#骂人	麻痹	麻痹	麻 痹
343	343	343	导购#不成交	不买了	不买 了	不 买 了
344	344	344	导购#不成交	我不买了	我 不 买 了	我 不 买 了
345	345	345	导购#不理解	你刚刚说的是怎么回事啊	你 刚刚 说 的 是 怎么回事 啊	你 刚 刚 说 的 是 怎 么 回 事 啊
346	346	346	导购#不理解	你刚刚说的话很莫名其妙	你 刚刚 说 的话 很 莫名其妙	你 刚 刚 说 的 话 很 莫 名 其 妙
347	347	347	导购#不理解	对不起我没挺清楚您说的话，请再重复一遍好吗	对不起 我 没 挺 清楚 您 说 的话 ， 请 再 重复 一遍 好 吗	对 不 起 我 没 挺 清 楚 您 说 的 话 ， 请 再 重 复 一 遍 好 吗
348	348	348	导购#不理解	怎么会	怎么 会	怎 么 会
349	349	349	导购#不理解	能再说一遍么	能 再说 一遍 么	能 再 说 一 遍 么
350	350	350	导购#不理解	莫名其妙的	莫名其妙 的	莫 名 其 妙 的
351	351	351	导购#开始	买手机	买手机	买 手 机
352	352	352	导购#开始	介绍下新手机	介绍 下 新手机	介 绍 下 新 手 机
353	353	353	导购#开始	你们这里有什么手机卖	你们 这里 有 什么 手机 卖	你 们 这 里 有 什 么 手 机 卖
354	354	354	导购#开始	你好，这里有什么手机卖	你好 ， 这里 有 什么 手机 卖	你 好 ， 这 里 有 什 么 手 机 卖
355	355	355	导购#开始	你这里卖手机吗	你 这里 卖 手机 吗	你 这 里 卖 手 机 吗
356	356	356	导购#开始	你这里有手机卖吗	你 这里 有 手机 卖 吗	你 这 里 有 手 机 卖 吗
357	357	357	导购#开始	你这里有没有智能手机买	你 这里 有没有 智能手机 买	你 这 里 有 没 有 智 能 手 机 买
358	358	358	导购#开始	卖不卖手机	卖不卖 手机	卖 不 卖 手 机
359	359	359	导购#开始	原来的手机坏了，想换台新手机	原来 的 手机 坏 了 ， 想 换台 新手机	原 来 的 手 机 坏 了 ， 想 换 台 新 手 机
360	360	360	导购#开始	帮帮我选手机	帮帮我 选 手机	帮 帮 我 选 手 机
361	361	361	导购#开始	帮我挑选个手机	帮 我 挑选 个 手机	帮 我 挑 选 个 手 机
362	362	362	导购#开始	帮我选一台手机	帮 我 选 一台 手机	帮 我 选 一 台 手 机
363	363	363	导购#开始	帮我选一款手机吧	帮 我 选 一款 手机 吧	帮 我 选 一 款 手 机 吧
364	364	364	导购#开始	怎么买手机	怎么 买手机	怎 么 买 手 机
365	365	365	导购#开始	我们继续聊手机	我们 继续 聊 手机	我 们 继 续 聊 手 机
366	366	366	导购#开始	我再看看	我 再 看看	我 再 看 看
367	367	367	导购#开始	我想买一台手机	我 想 买 一台 手机	我 想 买 一 台 手 机
368	368	368	导购#开始	我想买一款手机	我 想 买 一款 手机	我 想 买 一 款 手 机
369	369	369	导购#开始	我想买一部手机	我 想 买 一部 手机	我 想 买 一 部 手 机
370	370	370	导购#开始	我想买手机	我 想 买手机	我 想 买 手 机
371	371	371	导购#开始	我想买新手机	我 想 买 新手机	我 想 买 新 手 机
372	372	372	导购#开始	我想和你聊天	我 想 和 你 聊天	我 想 和 你 聊 天
373	373	373	导购#开始	我想看手机	我 想 看 手机	我 想 看 手 机
374	374	374	导购#开始	我想要买手机	我 想要 买手机	我 想 要 买 手 机
375	375	375	导购#开始	我想要手机	我 想要 手机	我 想 要 手 机
376	376	376	导购#开始	我现在想换个手机	我 现在 想换个 手机	我 现 在 想 换 个 手 机
377	377	377	导购#开始	我要一台新手机	我要 一台 新手机	我 要 一 台 新 手 机
378	378	378	导购#开始	我要买个新手机	我要 买个 新手机	我 要 买 个 新 手 机
379	379	379	导购#开始	我要买手机	我要 买手机	我 要 买 手 机
380	380	381	导购#开始	我要买款手机	我要 买款 手机	我 要 买 款 手 机
381	381	382	导购#开始	我要给我妈妈买个手机	我要 给 我 妈妈 买个 手机	我 要 给 我 妈 妈 买 个 手 机
382	382	383	导购#开始	我需要一台新手机	我 需要 一台 新手机	我 需 要 一 台 新 手 机
383	383	384	导购#开始	手机怎么卖	手机 怎么 卖	手 机 怎 么 卖
384	384	686	导购#开始	打扰一下	打扰 一下	打 扰 一 下
385	385	385	导购#开始	推荐一台手机给我	推荐 一台 手机 给 我	推 荐 一 台 手 机 给 我
386	386	386	导购#开始	推荐一款手机给我吧	推荐 一款 手机 给 我 吧	推 荐 一 款 手 机 给 我 吧
387	387	387	导购#开始	推荐一款新的手机	推荐 一款 新 的 手机	推 荐 一 款 新 的 手 机
388	388	388	导购#开始	有什么手机能卖给我	有 什么 手机 能 卖 给 我	有 什 么 手 机 能 卖 给 我
389	389	389	导购#开始	有什么手机能推荐	有 什么 手机 能 推荐	有 什 么 手 机 能 推 荐
390	390	390	导购#开始	有什么新款的手机	有 什么 新款 的 手机	有 什 么 新 款 的 手 机
391	391	391	导购#开始	有什么比较好的手机	有 什么 比较 好 的 手机	有 什 么 比 较 好 的 手 机
392	392	392	导购#开始	来一款手机	来 一款 手机	来 一 款 手 机
393	393	393	导购#开始	来买手机	来 买手机	来 买 手 机
394	394	394	导购#开始	给我介绍款手机	给 我 介绍 款 手机	给 我 介 绍 款 手 机
395	395	395	导购#开始	给我妈妈买个手机	给 我 妈妈 买个 手机	给 我 妈 妈 买 个 手 机
396	396	396	导购#开始	请问，这里能买手机吗	请问 ， 这里 能 买手机 吗	请 问 ， 这 里 能 买 手 机 吗
397	397	397	导购#开始	这里有手机吗	这里 有 手机 吗	这 里 有 手 机 吗
398	398	398	导购#成交	不错，我要买他	不错 ， 我要 买 他	不 错 ， 我 要 买 他
399	399	399	导购#成交	买	买	买
400	400	400	导购#成交	买买买	买买 买	买 买 买
401	401	401	导购#成交	买了	买 了	买 了
402	402	402	导购#成交	买这个	买 这个	买 这 个
403	403	403	导购#成交	买这部	买 这部	买 这 部
404	404	405	导购#成交	决定是他	决定 是 他	决 定 是 他
405	405	406	导购#成交	决定是她	决定 是 她	决 定 是 她
406	406	407	导购#成交	决定是它	决定 是 它	决 定 是 它
407	407	408	导购#成交	决定是这部了	决定 是 这部 了	决 定 是 这 部 了
408	408	409	导购#成交	好，就要他了	好 ， 就要 他 了	好 ， 就 要 他 了
409	409	410	导购#成交	就他吧	就 他 吧	就 他 吧
410	410	411	导购#成交	就她吧	就 她 吧	就 她 吧
411	411	412	导购#成交	就它吧	就 它 吧	就 它 吧
412	412	413	导购#成交	就是他了	就是 他 了	就 是 他 了
413	413	414	导购#成交	就是她了	就是 她 了	就 是 她 了
414	414	415	导购#成交	就是它了	就是 它 了	就 是 它 了
415	415	416	导购#成交	就是想要他	就是 想要 他	就 是 想 要 他
416	416	417	导购#成交	就是想要她	就是 想要 她	就 是 想 要 她
417	417	418	导购#成交	就是想要它	就是 想要 它	就 是 想 要 它
418	418	419	导购#成交	就是想要这台	就是 想要 这台	就 是 想 要 这 台
419	419	420	导购#成交	就是要他	就是 要 他	就 是 要 他
420	420	421	导购#成交	就是要她	就是 要 她	就 是 要 她
421	421	422	导购#成交	就是要它	就是 要 它	就 是 要 它
422	422	423	导购#成交	就是要这台	就是 要 这台	就 是 要 这 台
423	423	424	导购#成交	就是这台了	就是 这台 了	就 是 这 台 了
424	424	425	导购#成交	就要他了	就要 他 了	就 要 他 了
425	425	426	导购#成交	就要她了	就要 她 了	就 要 她 了
426	426	427	导购#成交	就要它了	就要 它 了	就 要 它 了
427	427	428	导购#成交	就这台	就 这台	就 这 台
428	428	429	导购#成交	就这手机	就 这 手机	就 这 手 机
429	429	430	导购#成交	就这部	就 这部	就 这 部
430	430	431	导购#成交	属于我的了	属于 我 的 了	属 于 我 的 了
431	431	432	导购#成交	带回家	带回家	带 回 家
432	432	433	导购#成交	想买的就是他	想 买 的 就是 他	想 买 的 就 是 他
433	433	434	导购#成交	想买的就是她	想 买 的 就是 她	想 买 的 就 是 她
434	434	435	导购#成交	想买的就是它	想 买 的 就是 它	想 买 的 就 是 它
435	435	436	导购#成交	我买	我 买	我 买
436	436	437	导购#成交	我买了	我 买 了	我 买 了
437	437	438	导购#成交	我买他了	我 买 他 了	我 买 他 了
438	438	439	导购#成交	我买这一部	我 买 这 一部	我 买 这 一 部
439	439	440	导购#成交	我就要这一部	我 就要 这 一部	我 就 要 这 一 部
440	440	441	导购#成交	我要	我要	我 要
441	441	442	导购#成交	我要买	我要 买	我 要 买
442	442	443	导购#成交	我要买这一部	我要 买 这 一部	我 要 买 这 一 部
443	443	444	导购#成交	我要了	我要 了	我 要 了
444	444	445	导购#成交	我要她	我要 她	我 要 她
445	445	446	导购#成交	我要这个了	我要 这个 了	我 要 这 个 了
446	446	447	导购#成交	我要这款	我要 这款	我 要 这 款
447	447	448	导购#成交	我还要再买这款	我 还要 再 买 这款	我 还 要 再 买 这 款
448	448	404	导购#成交	我都想要一个了	我 都 想要 一个 了	我 都 想 要 一 个 了
449	449	449	导购#成交	把他带回家	把 他 带回家	把 他 带 回 家
450	450	450	导购#成交	把他收回家	把 他 收回 家	把 他 收 回 家
451	451	451	导购#成交	把她带回家	把 她 带回家	把 她 带 回 家
452	452	452	导购#成交	把她收回家	把 她 收回 家	把 她 收 回 家
453	453	453	导购#成交	把它带回家	把 它 带回家	把 它 带 回 家
454	454	454	导购#成交	把它收回家	把 它 收回 家	把 它 收 回 家
455	455	455	导购#成交	挑中是他了	挑中 是 他 了	挑 中 是 他 了
456	456	456	导购#成交	挑中是她了	挑中 是 她 了	挑 中 是 她 了
457	457	457	导购#成交	挑中是它了	挑中 是 它 了	挑 中 是 它 了
458	458	458	导购#成交	挑中这台了	挑中 这台 了	挑 中 这 台 了
459	459	459	导购#成交	挑中这部了	挑中 这部 了	挑 中 这 部 了
460	460	460	导购#成交	挑中这部手机	挑中 这 部手机	挑 中 这 部 手 机
461	461	461	导购#成交	收下了	收下 了	收 下 了
462	462	462	导购#成交	收回家	收回 家	收 回 家
463	463	463	导购#成交	敲定他	敲定 他	敲 定 他
464	464	464	导购#成交	敲定她	敲定 她	敲 定 她
465	465	465	导购#成交	敲定它	敲定 它	敲 定 它
466	466	466	导购#成交	是我的	是 我 的	是 我 的
467	467	467	导购#成交	是我的了	是 我 的 了	是 我 的 了
468	468	468	导购#成交	正是买他	正是 买 他	正 是 买 他
469	469	469	导购#成交	正是买她	正是 买 她	正 是 买 她
470	470	470	导购#成交	正是买它	正是 买 它	正 是 买 它
471	471	471	导购#成交	正是买这部	正是 买 这部	正 是 买 这 部
472	472	472	导购#成交	正是要他	正是 要 他	正 是 要 他
473	473	473	导购#成交	正是要她	正是 要 她	正 是 要 她
474	474	474	导购#成交	正是要它	正是 要 它	正 是 要 它
475	475	475	导购#成交	正是要这部	正是 要 这部	正 是 要 这 部
476	476	476	导购#成交	相中是他	相中 是 他	相 中 是 他
477	477	477	导购#成交	相中是她	相中 是 她	相 中 是 她
478	478	478	导购#成交	相中是它	相中 是 它	相 中 是 它
479	479	479	导购#成交	相中是这台了	相中 是 这台 了	相 中 是 这 台 了
480	480	480	导购#成交	相中是这部了	相中 是 这部 了	相 中 是 这 部 了
481	481	481	导购#成交	相中这部手机	相中 这 部手机	相 中 这 部 手 机
482	482	482	导购#成交	要一个	要 一个	要 一 个
483	483	483	导购#成交	要一套	要 一套	要 一 套
484	484	484	导购#成交	要三个	要 三个	要 三 个
485	485	485	导购#成交	要两个	要 两个	要 两 个
486	486	486	导购#成交	要两套	要 两套	要 两 套
487	487	487	导购#成交	要两款	要 两款	要 两 款
488	488	488	导购#成交	要了	要 了	要 了
489	489	489	导购#成交	要了他	要 了 他	要 了 他
490	490	490	导购#成交	要了她	要 了 她	要 了 她
491	491	491	导购#成交	要了它	要 了 它	要 了 它
492	492	492	导购#成交	要五个	要 五个	要 五 个
493	493	493	导购#成交	要六个	要 六个	要 六 个
494	494	494	导购#成交	要四个	要 四个	要 四 个
495	495	495	导购#成交	要要要	要 要 要	要 要 要
496	496	496	导购#成交	要这个	要 这个	要 这 个
497	497	497	导购#成交	要这台	要 这台	要 这 台
498	498	498	导购#成交	要这款	要 这款	要 这 款
499	499	499	导购#成交	要这种	要 这种	要 这 种
500	500	500	导购#成交	要这部	要 这部	要 这 部
501	501	501	导购#成交	这款我要了	这款 我 要 了	这 款 我 要 了
502	502	502	导购#成交	那我就买它	那 我 就 买 它	那 我 就 买 它
503	503	503	导购#成交	﻿成交	﻿ 成交	﻿ 成 交
504	504	504	导购#更换	我想换另一台	我 想 换 另一台	我 想 换 另 一 台
505	505	505	导购#更换	我想换另一款	我 想 换 另 一款	我 想 换 另 一 款
506	506	506	导购#更换	我想要其他的	我 想要 其他 的	我 想 要 其 他 的
507	507	507	导购#更换	我想要其他的手机	我 想要 其他 的 手机	我 想 要 其 他 的 手 机
508	508	508	导购#更换	我想要别的手机	我 想要 别的 手机	我 想 要 别 的 手 机
509	509	509	导购#更换	我想要另一台手机	我 想要 另一台 手机	我 想 要 另 一 台 手 机
510	510	510	导购#更换	我想要另一款手机	我 想要 另 一款 手机	我 想 要 另 一 款 手 机
511	511	511	导购#更换	我想要另一部手机	我 想要 另 一部 手机	我 想 要 另 一 部 手 机
512	512	512	导购#更换	我要其他手机	我要 其他 手机	我 要 其 他 手 机
513	513	513	导购#更换	我要其他的	我要 其他 的	我 要 其 他 的
514	514	514	导购#更换	我要别的	我要 别的	我 要 别 的
515	515	515	导购#更换	我要另一款	我要 另 一款	我 要 另 一 款
516	516	516	导购#更换	我要另一部手机	我要 另 一部 手机	我 要 另 一 部 手 机
517	517	517	导购#更换	换一个手机	换 一个 手机	换 一 个 手 机
518	518	518	导购#更换	换一个给我吧	换 一个 给 我 吧	换 一 个 给 我 吧
519	519	519	导购#更换	换一台	换 一台	换 一 台
520	520	520	导购#更换	换一款来看看	换 一款 来 看看	换 一 款 来 看 看
521	521	521	导购#更换	换其他的	换 其他 的	换 其 他 的
522	522	522	导购#更换	换其他的看看	换 其他 的 看看	换 其 他 的 看 看
523	523	523	导购#更换	推荐其他的手机给我吧	推荐 其他 的 手机 给 我 吧	推 荐 其 他 的 手 机 给 我 吧
524	524	524	导购#更换	推荐别的可以吗	推荐 别的 可以 吗	推 荐 别 的 可 以 吗
525	525	525	导购#更换	推荐别的给我吧	推荐 别的 给 我 吧	推 荐 别 的 给 我 吧
526	526	526	导购#更换	推荐另一台吧	推荐 另一台 吧	推 荐 另 一 台 吧
527	527	527	导购#更换	推荐另一部	推荐 另 一部	推 荐 另 一 部
528	528	528	导购#更换	更换一台可以吗	更换 一台 可以 吗	更 换 一 台 可 以 吗
529	529	529	导购#更换	给我另一部手机	给 我 另 一部 手机	给 我 另 一 部 手 机
530	530	530	导购#更换	给我推荐其他的手机	给 我 推荐 其他 的 手机	给 我 推 荐 其 他 的 手 机
531	531	531	导购#更换	给我看另一台手机吧	给 我 看 另一台 手机 吧	给 我 看 另 一 台 手 机 吧
532	532	532	导购#更换	给我看另一款手机吧	给 我 看 另 一款 手机 吧	给 我 看 另 一 款 手 机 吧
533	533	533	导购#更换	还有其他手机吗	还有 其他 手机 吗	还 有 其 他 手 机 吗
534	534	534	导购#更换	还有其他款式的吗	还有 其他 款式 的 吗	还 有 其 他 款 式 的 吗
535	535	535	导购#更换	还有其他的吗	还有 其他 的 吗	还 有 其 他 的 吗
536	536	536	导购#更换	还有其他的手机吗	还有 其他 的 手机 吗	还 有 其 他 的 手 机 吗
537	537	537	导购#更换	还有其他类型的吗	还有 其他 类型 的 吗	还 有 其 他 类 型 的 吗
538	538	538	导购#更换	还有别的吗	还有 别的 吗	还 有 别 的 吗
539	539	539	导购#更换	还有别的手机吗	还有 别的 手机 吗	还 有 别 的 手 机 吗
540	540	540	导购#更换	还有别的款式吗	还有 别的 款式 吗	还 有 别 的 款 式 吗
541	541	541	导购#更换	还有别的类型吗	还有 别的 类型 吗	还 有 别 的 类 型 吗
542	542	542	导购#更换	还有另一台吗	还有 另一台 吗	还 有 另 一 台 吗
543	543	543	导购#更换	还有另一款吗	还有 另 一款 吗	还 有 另 一 款 吗
544	544	544	导购#更换	还有另一部吗	还有 另 一部 吗	还 有 另 一 部 吗
545	545	545	导购#更换	还有吗	还有 吗	还 有 吗
546	546	546	导购#更换	麻烦推荐其他的给我	麻烦 推荐 其他 的 给 我	麻 烦 推 荐 其 他 的 给 我
547	547	547	导购#更换	﻿换一款吧	﻿ 换 一款 吧	﻿ 换 一 款 吧
548	548	548	导购#结束	88	88	8 8
549	549	549	导购#结束	886	886	8 8 6
550	550	550	导购#结束	一路顺风	一路顺风	一 路 顺 风
551	551	551	导购#结束	下次再和你聊，我们下次接着聊吧	下次 再 和 你 聊 ， 我们 下次 接着 聊 吧	下 次 再 和 你 聊 ， 我 们 下 次 接 着 聊 吧
552	552	552	导购#结束	下次再好好聊聊	下次 再 好好 聊聊	下 次 再 好 好 聊 聊
553	553	553	导购#结束	下次再聊	下次 再聊	下 次 再 聊
554	554	554	导购#结束	下次再见	下次 再见	下 次 再 见
555	555	555	导购#结束	下次聊	下次 聊	下 次 聊
556	556	556	导购#结束	下次见	下次 见	下 次 见
557	557	557	导购#结束	不和你说了	不 和 你 说 了	不 和 你 说 了
558	558	558	导购#结束	不好意思，我现在就得走	不好意思 ， 我 现在 就 得 走	不 好 意 思 ， 我 现 在 就 得 走
559	559	559	导购#结束	不聊了	不聊 了	不 聊 了
560	560	560	导购#结束	不说了	不 说 了	不 说 了
561	561	561	导购#结束	不送你啦	不送 你 啦	不 送 你 啦
562	562	562	导购#结束	不送啦	不送 啦	不 送 啦
563	563	563	导购#结束	与你这次谈话非常愉快	与 你 这次 谈话 非常 愉快	与 你 这 次 谈 话 非 常 愉 快
564	564	564	导购#结束	亲爱的，晚安	亲爱 的 ， 晚安	亲 爱 的 ， 晚 安
565	565	565	导购#结束	今天聊到这里先把	今天 聊到 这里 先 把	今 天 聊 到 这 里 先 把
566	566	566	导购#结束	你忙吧，改天再聊	你 忙 吧 ， 改天 再聊	你 忙 吧 ， 改 天 再 聊
567	567	567	导购#结束	保持联系	保持联系	保 持 联 系
568	568	568	导购#结束	再见	再见	再 见
569	569	569	导购#结束	再见，小心点	再见 ， 小心 点	再 见 ， 小 心 点
570	570	570	导购#结束	再见，当心点	再见 ， 当心 点	再 见 ， 当 心 点
571	571	571	导购#结束	再见，请留步	再见 ， 请留步	再 见 ， 请 留 步
572	572	572	导购#结束	别忘了我们的约会,明天见吧	别忘了 我们 的 约会 , 明天 见 吧	别 忘 了 我 们 的 约 会 , 明 天 见 吧
573	573	573	导购#结束	到了再给我打电话	到 了 再 给 我 打电话	到 了 再 给 我 打 电 话
574	574	574	导购#结束	到了应该离开的时候了	到 了 应该 离开 的 时候 了	到 了 应 该 离 开 的 时 候 了
575	575	575	导购#结束	午安	午安	午 安
576	576	576	导购#结束	后会有期，朋友	后会有期 ， 朋友	后 会 有 期 ， 朋 友
577	577	577	导购#结束	告别语：再见、欢迎再来、祝您一路顺风、请再来	告别 语 ： 再见 、 欢迎 再 来 、 祝您 一路顺风 、 请 再 来	告 别 语 ： 再 见 、 欢 迎 再 来 、 祝 您 一 路 顺 风 、 请 再 来
578	578	578	导购#结束	回头见	回头见	回 头 见
579	579	579	导购#结束	天下没有不散的筵席	天下 没有 不散 的 筵席	天 下 没 有 不 散 的 筵 席
580	580	580	导购#结束	天色晚了，我得马上动身了	天色 晚 了 ， 我 得 马上 动身 了	天 色 晚 了 ， 我 得 马 上 动 身 了
581	581	581	导购#结束	天越来越黑，我得走了	天 越来越 黑 ， 我 得 走 了	天 越 来 越 黑 ， 我 得 走 了
582	582	582	导购#结束	天黑了，我得走了	天黑 了 ， 我 得 走 了	天 黑 了 ， 我 得 走 了
583	583	583	导购#结束	失陪了	失陪 了	失 陪 了
584	584	584	导购#结束	好吧该睡觉了	好 吧 该 睡觉 了	好 吧 该 睡 觉 了
585	585	585	导购#结束	好梦	好 梦	好 梦
586	586	586	导购#结束	对不起，我得赶快走	对不起 ， 我 得 赶快 走	对 不 起 ， 我 得 赶 快 走
587	587	587	导购#结束	就这样吧	就 这样 吧	就 这 样 吧
588	588	588	导购#结束	希望我们以后能经常保持联络	希望 我们 以后 能 经常 保持 联络	希 望 我 们 以 后 能 经 常 保 持 联 络
589	589	589	导购#结束	希望我们明天就能相逢	希望 我们 明天 就 能 相逢	希 望 我 们 明 天 就 能 相 逢
590	590	590	导购#结束	常联系	常 联系	常 联 系
591	591	591	导购#结束	待会儿见	待会儿 见	待 会 儿 见
592	592	593	导购#结束	我不和你说了	我 不 和 你 说 了	我 不 和 你 说 了
593	593	594	导购#结束	我们可以明天继续谈	我们 可以 明天 继续 谈	我 们 可 以 明 天 继 续 谈
594	594	596	导购#结束	我们就此别过	我们 就此 别 过	我 们 就 此 别 过
595	595	607	导购#结束	我们就此告别吧	我们 就此 告别 吧	我 们 就 此 告 别 吧
596	596	597	导购#结束	我们就谈到这里，你看怎么样	我们 就 谈到 这里 ， 你 看 怎么样	我 们 就 谈 到 这 里 ， 你 看 怎 么 样
597	597	598	导购#结束	我们改天再解决这一争论好吗	我们 改天 再 解决 这一 争论 好 吗	我 们 改 天 再 解 决 这 一 争 论 好 吗
598	598	599	导购#结束	我们要暂时分别了	我们 要 暂时 分别 了	我 们 要 暂 时 分 别 了
599	599	600	导购#结束	我们过些时候再聊	我们 过 些 时候 再聊	我 们 过 些 时 候 再 聊
600	600	601	导购#结束	我会再打电话给你的	我会 再 打电话 给 你 的	我 会 再 打 电 话 给 你 的
601	601	602	导购#结束	我先去洗澡了	我 先 去 洗澡 了	我 先 去 洗 澡 了
602	602	603	导购#结束	我先走了	我 先 走 了	我 先 走 了
603	603	604	导购#结束	我得赶末班车回城	我 得 赶 末班车 回城	我 得 赶 末 班 车 回 城
604	604	605	导购#结束	我想我们这样也谈不出什么名堂来了	我 想 我们 这样 也 谈不出 什么 名堂 来 了	我 想 我 们 这 样 也 谈 不 出 什 么 名 堂 来 了
605	605	606	导购#结束	我想我最好现在就走。	我 想 我 最好 现在 就 走 。	我 想 我 最 好 现 在 就 走 。
606	606	608	导购#结束	我有事先忙	我 有 事先 忙	我 有 事 先 忙
607	607	609	导购#结束	我期待着你的消息	我 期待 着 你 的 消息	我 期 待 着 你 的 消 息
608	608	610	导购#结束	我现在必须结束我们的谈话了	我 现在 必须 结束 我们 的 谈话 了	我 现 在 必 须 结 束 我 们 的 谈 话 了
609	609	611	导购#结束	我的朋友正准备走，我得去送他	我 的 朋友 正 准备 走 ， 我 得 去 送 他	我 的 朋 友 正 准 备 走 ， 我 得 去 送 他
610	610	612	导购#结束	我真的要走了	我 真的 要 走 了	我 真 的 要 走 了
611	611	613	导购#结束	我舍不得你走，但是你要走我也没法挽留，只能说声“一路顺风”	我 舍不得你 走 ， 但是 你 要 走 我 也 没法 挽留 ， 只能 说声 “ 一路顺风 ”	我 舍 不 得 你 走 ， 但 是 你 要 走 我 也 没 法 挽 留 ， 只 能 说 声 “ 一 路 顺 风 ”
612	612	614	导购#结束	我要去吃饭了	我要 去 吃饭 了	我 要 去 吃 饭 了
613	613	615	导购#结束	我要去忙其他事了	我要 去 忙 其他 事 了	我 要 去 忙 其 他 事 了
614	614	616	导购#结束	我要告辞了	我要 告辞 了	我 要 告 辞 了
615	615	617	导购#结束	我要说的都说完了	我 要说 的 都 说完 了	我 要 说 的 都 说 完 了
616	616	618	导购#结束	我要走了，不知道下次什么时候再见	我要 走 了 ， 不 知道 下次 什么 时候 再见	我 要 走 了 ， 不 知 道 下 次 什 么 时 候 再 见
617	617	619	导购#结束	我要走了，我要迟到了	我要 走 了 ， 我要 迟到 了	我 要 走 了 ， 我 要 迟 到 了
618	618	592	导购#结束	我该告辞了	我该 告辞 了	我 该 告 辞 了
619	619	620	导购#结束	我走啦	我 走 啦	我 走 啦
620	620	621	导购#结束	我非常渴望以后有机会能和你在网上聊天	我 非常 渴望 以后 有 机会 能 和 你 在 网上聊天	我 非 常 渴 望 以 后 有 机 会 能 和 你 在 网 上 聊 天
621	621	622	导购#结束	抱歉，我不得不走了	抱歉 ， 我 不得不 走 了	抱 歉 ， 我 不 得 不 走 了
622	622	623	导购#结束	拜拜	拜拜	拜 拜
623	623	624	导购#结束	拜拜了	拜拜 了	拜 拜 了
624	624	625	导购#结束	撤了。先撤了	撤 了 。 先 撤 了	撤 了 。 先 撤 了
625	625	626	导购#结束	明天见	明天 见	明 天 见
626	626	627	导购#结束	是我该走的时候了，谢谢您陪我	是 我 该 走 的 时候 了 ， 谢谢您 陪 我	是 我 该 走 的 时 候 了 ， 谢 谢 您 陪 我
627	627	628	导购#结束	晚安。我睡了	晚安 。 我 睡 了	晚 安 。 我 睡 了
628	628	629	导购#结束	晚安，祝好梦	晚安 ， 祝好 梦	晚 安 ， 祝 好 梦
629	629	630	导购#结束	来也匆匆，去也匆匆，期待下一次重逢	来 也 匆匆 ， 去 也 匆匆 ， 期待 下 一次 重逢	来 也 匆 匆 ， 去 也 匆 匆 ， 期 待 下 一 次 重 逢
630	630	631	导购#结束	没什么事了	没什么 事 了	没 什 么 事 了
631	631	632	导购#结束	没什么事我就先走了	没什么 事 我 就 先 走 了	没 什 么 事 我 就 先 走 了
632	632	633	导购#结束	没想到已这么晚了，我得走	没想到 已 这么晚 了 ， 我 得 走	没 想 到 已 这 么 晚 了 ， 我 得 走
633	633	634	导购#结束	洗洗睡了	洗洗 睡 了	洗 洗 睡 了
634	634	635	导购#结束	火车八点开，我恐怕现在得快点走	火车 八点 开 ， 我 恐怕 现在 得 快点 走	火 车 八 点 开 ， 我 恐 怕 现 在 得 快 点 走
635	635	636	导购#结束	真对不起，你们再聊，我不得不先走一步了	真对不起 ， 你们 再聊 ， 我 不得不 先走一步 了	真 对 不 起 ， 你 们 再 聊 ， 我 不 得 不 先 走 一 步 了
636	636	637	导购#结束	祝好梦	祝好 梦	祝 好 梦
637	637	638	导购#结束	请珍重	请 珍重	请 珍 重
638	638	639	导购#结束	请见谅，我不得不先告辞了	请 见谅 ， 我 不得不 先 告辞 了	请 见 谅 ， 我 不 得 不 先 告 辞 了
639	639	640	导购#结束	谢谢光临，希望下次还能为您服务	谢谢 光临 ， 希望 下次 还 能 为您服务	谢 谢 光 临 ， 希 望 下 次 还 能 为 您 服 务
640	640	641	导购#结束	走了，去吃饭了	走 了 ， 去 吃饭 了	走 了 ， 去 吃 饭 了
641	641	642	导购#结束	走啦	走 啦	走 啦
642	642	643	导购#结束	路上小心，注意车辆	路上 小心 ， 注意 车辆	路 上 小 心 ， 注 意 车 辆
643	643	681	导购#结束	过得真愉快，谢谢您，再见	过得 真 愉快 ， 谢谢您 ， 再见	过 得 真 愉 快 ， 谢 谢 您 ， 再 见
644	644	644	导购#结束	还有什么需要，再打电话联系我	还有 什么 需要 ， 再 打电话 联系 我	还 有 什 么 需 要 ， 再 打 电 话 联 系 我
645	645	645	导购#结束	这我们以后再谈	这 我们 以后 再谈	这 我 们 以 后 再 谈
646	646	646	导购#结束	那我们就下周再见吧	那 我们 就 下周 再见 吧	那 我 们 就 下 周 再 见 吧
647	647	647	导购#结束	﻿晚安	﻿ 晚安	﻿ 晚 安
648	648	648	导购#详情	介绍下	介绍 下	介 绍 下
649	649	649	导购#详情	介绍下详情	介绍 下 详情	介 绍 下 详 情
650	650	650	导购#详情	你这里卖什么牌子的手机	你 这里 卖 什么 牌子 的 手机	你 这 里 卖 什 么 牌 子 的 手 机
651	651	651	导购#详情	具体介绍下	具体 介绍 下	具 体 介 绍 下
652	652	652	导购#详情	具体怎样	具体 怎样	具 体 怎 样
653	653	653	导购#详情	具体点	具体 点	具 体 点
654	654	654	导购#详情	具体点讲	具体 点 讲	具 体 点 讲
655	655	655	导购#详情	可不可以给我介绍一下这部手机	可不可以 给 我 介绍 一下 这 部手机	可 不 可 以 给 我 介 绍 一 下 这 部 手 机
656	656	656	导购#详情	有好的介绍吗	有 好 的 介绍 吗	有 好 的 介 绍 吗
657	657	657	导购#详情	详细介绍下	详细 介绍 下	详 细 介 绍 下
658	658	658	导购#详情	详细点	详细 点	详 细 点
659	659	659	导购#详情	详细点讲	详细 点 讲	详 细 点 讲
660	660	660	导购#详情	说清楚点	说 清楚 点	说 清 楚 点
661	661	661	社交义务#不用谢	不客气	不 客气	不 客 气
662	662	662	社交义务#不用谢	不用谢	不用谢	不 用 谢
663	663	663	社交义务#不用谢	不谢	不谢	不 谢
664	664	664	社交义务#不用谢	你太不客气了	你 太 不 客气 了	你 太 不 客 气 了
665	665	665	社交义务#接受道歉	不介意	不介意	不 介 意
666	666	666	社交义务#接受道歉	不在意	不在意	不 在 意
667	667	667	社交义务#接受道歉	不要紧	不要紧	不 要 紧
668	668	668	社交义务#接受道歉	做错了可以再来过嘛，加油	做错 了 可以 再来 过 嘛 ， 加油	做 错 了 可 以 再 来 过 嘛 ， 加 油
669	669	669	社交义务#接受道歉	接受你的道歉	接受 你 的 道歉	接 受 你 的 道 歉
670	670	670	社交义务#接受道歉	没事	没事	没 事
671	671	671	社交义务#接受道歉	没事拉	没事 拉	没 事 拉
672	672	672	社交义务#接受道歉	没关系	没关系	没 关 系
673	673	673	社交义务#致谢	嗨，幸会	嗨 ， 幸会	嗨 ， 幸 会
674	674	595	社交义务#致谢	我们对您的关照，谨致谢意	我们 对 您 的 关照 ， 谨致谢意	我 们 对 您 的 关 照 ， 谨 致 谢 意
675	675	674	社交义务#致谢	拜托你了	拜托 你 了	拜 托 你 了
676	676	675	社交义务#致谢	请多关照	请多关照	请 多 关 照
677	677	676	社交义务#致谢	谢谢你哦	谢谢 你 哦	谢 谢 你 哦
678	678	677	社交义务#致谢	谢谢你抽空和我谈话	谢谢 你 抽空 和 我 谈话	谢 谢 你 抽 空 和 我 谈 话
679	679	678	社交义务#致谢	谢谢您的服务	谢谢您 的 服务	谢 谢 您 的 服 务
680	680	680	社交义务#致谢	辛苦了	辛苦 了	辛 苦 了
681	681	682	社交义务#致谢	麻烦你了	麻烦 你 了	麻 烦 你 了
682	682	683	社交义务#致谢	麻烦您了	麻烦 您 了	麻 烦 您 了
683	683	684	社交义务#道歉	不好意思，打扰一下	不好意思 ， 打扰 一下	不 好 意 思 ， 打 扰 一 下
684	684	685	社交义务#道歉	我错了	我错 了	我 错 了
685	685	687	社交义务#道歉	打扰了	打扰 了	打 扰 了
686	686	688	社交义务#道歉	请原谅给你添麻烦了	请原谅 给 你 添麻烦 了	请 原 谅 给 你 添 麻 烦 了
687	687	689	社交义务#道歉	请多保重	请 多 保重	请 多 保 重
688	688	679	社交义务#道歉	谢谢，打扰你了	谢谢 ， 打扰 你 了	谢 谢 ， 打 扰 你 了
689	689	690	社交义务#问候	ch2r你好	ch2r 你好	c h 2 r 你 好
690	690	691	社交义务#问候	一起都好吗	一起 都 好 吗	一 起 都 好 吗
691	691	692	社交义务#问候	中午好	中午 好	中 午 好
692	692	693	社交义务#问候	亲，开心点哦	亲 ， 开心 点 哦	亲 ， 开 心 点 哦
693	693	694	社交义务#问候	亲，祝你好运	亲 ， 祝你好运	亲 ， 祝 你 好 运
694	694	695	社交义务#问候	你吃饭了吗	你 吃饭 了 吗	你 吃 饭 了 吗
695	695	696	社交义务#问候	你吃饭没有	你 吃饭 没有	你 吃 饭 没 有
696	696	697	社交义务#问候	你好	你好	你 好
697	697	698	社交义务#问候	你好，在吗	你好 ， 在 吗	你 好 ， 在 吗
698	698	699	社交义务#问候	你好，很高兴能认识你	你好 ， 很 高兴 能 认识 你	你 好 ， 很 高 兴 能 认 识 你
699	699	700	社交义务#问候	叔叔，你好，	叔叔 ， 你好 ，	叔 叔 ， 你 好 ，
700	700	701	社交义务#问候	吃过饭了没有	吃过饭 了 没有	吃 过 饭 了 没 有
701	701	702	社交义务#问候	吃饭了吗	吃饭 了 吗	吃 饭 了 吗
702	702	703	社交义务#问候	吃饭了没有	吃饭 了 没有	吃 饭 了 没 有
703	703	704	社交义务#问候	哈罗	哈罗	哈 罗
704	704	705	社交义务#问候	嗨	嗨	嗨
705	705	706	社交义务#问候	嗨，哈罗	嗨 ， 哈罗	嗨 ， 哈 罗
706	706	707	社交义务#问候	嗨，近来好吗	嗨 ， 近来 好 吗	嗨 ， 近 来 好 吗
707	707	708	社交义务#问候	在吗	在 吗	在 吗
708	708	709	社交义务#问候	工作忙不忙呀	工作 忙 不 忙 呀	工 作 忙 不 忙 呀
709	709	710	社交义务#问候	店家在吗	店家 在 吗	店 家 在 吗
710	710	711	社交义务#问候	很高兴见到你	很 高兴 见到 你	很 高 兴 见 到 你
711	711	712	社交义务#问候	您好	您好	您 好
712	712	713	社交义务#问候	握个手吧	握个 手 吧	握 个 手 吧
713	713	714	社交义务#问候	握手	握手	握 手
714	714	715	社交义务#问候	早上好	早上好	早 上 好
715	715	718	社交义务#问候	早上好，夫人	早上好 ， 夫人	早 上 好 ， 夫 人
716	716	719	社交义务#问候	晚上好	晚上 好	晚 上 好
717	717	717	社交义务#问候	晚上好，先生	晚上 好 ， 先生	晚 上 好 ， 先 生
718	718	720	社交义务#问候	最近好吗	最近 好 吗	最 近 好 吗
719	719	721	社交义务#问候	最近忙不忙	最近 忙 不忙	最 近 忙 不 忙
720	720	722	社交义务#问候	最近怎么样	最近 怎么样	最 近 怎 么 样
721	721	723	社交义务#问候	最近身体好吗	最近 身体 好 吗	最 近 身 体 好 吗
722	722	724	社交义务#问候	机器人你好	机器人 你好	机 器 人 你 好
723	723	725	社交义务#问候	欢迎你光临指导	欢迎 你 光临指导	欢 迎 你 光 临 指 导
724	724	726	社交义务#问候	祝你今天快乐	祝 你 今天 快乐	祝 你 今 天 快 乐
725	725	727	社交义务#问候	祝你幸福快乐	祝你幸福 快乐	祝 你 幸 福 快 乐
726	726	728	社交义务#问候	祝您节日愉快	祝您 节日愉快	祝 您 节 日 愉 快
727	727	729	社交义务#问候	节日快乐	节日快乐	节 日 快 乐
728	728	716	社交义务#问候	请多多指教	请 多多指教	请 多 多 指 教
729	729	730	社交义务#问候	过得如何呀	过得 如何 呀	过 得 如 何 呀
730	730	731	社交义务#问候	近况如何	近况 如何	近 况 如 何
731	731	732	社交义务#问候	近来好吗	近来 好 吗	近 来 好 吗
732	732	733	社交义务#问候	阿姨，你好	阿姨 ， 你好	阿 姨 ， 你 好
733	733	734	社交义务#问候	﻿你好机器人	﻿ 你好 机器人	﻿ 你 好 机 器 人
734	734	737	表态#不满	不合意	不 合意	不 合 意
735	735	738	表态#不满	不合胃口	不 合胃口	不 合 胃 口
736	736	739	表态#不满	不合适	不 合适	不 合 适
737	737	740	表态#不满	不和你玩了	不 和 你 玩 了	不 和 你 玩 了
738	738	741	表态#不满	不喜欢这个	不 喜欢 这个	不 喜 欢 这 个
739	739	742	表态#不满	不喜欢这台	不 喜欢 这台	不 喜 欢 这 台
740	740	743	表态#不满	不喜欢这台手机	不 喜欢 这台 手机	不 喜 欢 这 台 手 机
741	741	744	表态#不满	不喜欢这款	不 喜欢 这 款	不 喜 欢 这 款
742	742	745	表态#不满	不喜欢这款手机	不 喜欢 这 款 手机	不 喜 欢 这 款 手 机
743	743	746	表态#不满	不喜欢这种	不 喜欢 这种	不 喜 欢 这 种
744	744	747	表态#不满	不太合意	不太 合意	不 太 合 意
745	745	748	表态#不满	不太合胃口	不太 合胃口	不 太 合 胃 口
746	746	749	表态#不满	不太合适	不太 合适	不 太 合 适
747	747	750	表态#不满	不太满意	不太 满意	不 太 满 意
748	748	751	表态#不满	不满意	不 满意	不 满 意
749	749	752	表态#不满	不然还想怎样	不然 还 想 怎样	不 然 还 想 怎 样
750	750	753	表态#不满	不理你了	不理 你 了	不 理 你 了
751	751	754	表态#不满	不跟你玩了	不 跟 你 玩 了	不 跟 你 玩 了
752	752	755	表态#不满	为什么要那么久	为什么 要 那么 久	为 什 么 要 那 么 久
753	753	756	表态#不满	什么鬼	什么 鬼	什 么 鬼
754	754	757	表态#不满	他确实令人讨厌	他 确实 令人讨厌	他 确 实 令 人 讨 厌
755	755	758	表态#不满	你不该来到这个世界上	你 不该 来到 这个 世界 上	你 不 该 来 到 这 个 世 界 上
756	756	759	表态#不满	你们好过分	你们好 过分	你 们 好 过 分
757	757	760	表态#不满	你们给我安静点	你们 给 我 安静 点	你 们 给 我 安 静 点
758	758	761	表态#不满	你怎么那么笨	你 怎么 那么 笨	你 怎 么 那 么 笨
759	759	762	表态#不满	你还想怎样	你 还 想 怎样	你 还 想 怎 样
760	760	763	表态#不满	保持安静，不许讲话	保持 安静 ， 不许 讲话	保 持 安 静 ， 不 许 讲 话
761	761	764	表态#不满	停下来听我讲句话行不行	停下来 听 我 讲句 话 行不行	停 下 来 听 我 讲 句 话 行 不 行
762	762	765	表态#不满	停停停	停停 停	停 停 停
763	763	766	表态#不满	停，怎么把我给忘了	停 ， 怎么 把 我 给 忘 了	停 ， 怎 么 把 我 给 忘 了
764	764	767	表态#不满	哎呀呀，有种再说一句	哎呀呀 ， 有种 再说 一句	哎 呀 呀 ， 有 种 再 说 一 句
765	765	768	表态#不满	够了	够 了	够 了
766	766	769	表态#不满	够了！刚才的话把我惹火了	够 了 ！ 刚才 的话 把 我 惹火 了	够 了 ！ 刚 才 的 话 把 我 惹 火 了
767	767	770	表态#不满	大家视你为仇敌	大家 视 你 为 仇敌	大 家 视 你 为 仇 敌
768	768	771	表态#不满	太差了	太差 了	太 差 了
769	769	772	表态#不满	好伤人的话啊	好 伤人 的话 啊	好 伤 人 的 话 啊
770	770	773	表态#不满	好过分	好 过分	好 过 分
771	771	774	表态#不满	安静，安静	安静 ， 安静	安 静 ， 安 静
772	772	775	表态#不满	差劲	差劲	差 劲
773	773	776	表态#不满	快住口	快 住口	快 住 口
774	774	777	表态#不满	我不和你玩了	我 不 和 你 玩 了	我 不 和 你 玩 了
775	775	833	表态#不满	我不喜欢啊	我 不 喜欢 啊	我 不 喜 欢 啊
776	776	834	表态#不满	我不喜欢它	我 不 喜欢 它	我 不 喜 欢 它
777	777	835	表态#不满	我不喜欢这个	我 不 喜欢 这个	我 不 喜 欢 这 个
778	778	836	表态#不满	我不喜欢这台手机	我 不 喜欢 这台 手机	我 不 喜 欢 这 台 手 机
779	779	837	表态#不满	我不大喜欢	我 不大 喜欢	我 不 大 喜 欢
780	780	838	表态#不满	我不太喜欢	我 不 太 喜欢	我 不 太 喜 欢
781	781	778	表态#不满	我对你十分无语，不想再听你说话了	我 对 你 十分 无 语 ， 不想 再 听 你 说话 了	我 对 你 十 分 无 语 ， 不 想 再 听 你 说 话 了
782	782	779	表态#不满	无语	无 语	无 语
783	783	780	表态#不满	没想象中的好	没 想象 中 的 好	没 想 象 中 的 好
784	784	781	表态#不满	真是无语了	真是 无语 了	真 是 无 语 了
785	785	782	表态#不满	糟糕	糟糕	糟 糕
786	786	783	表态#不满	过分	过分	过 分
787	787	784	表态#不满	还没到我喜欢的	还 没到 我 喜欢 的	还 没 到 我 喜 欢 的
788	788	785	表态#不满	这个我不喜欢	这个 我 不 喜欢	这 个 我 不 喜 欢
789	789	786	表态#否定	不可以这样	不 可以 这样	不 可 以 这 样
790	790	787	表态#否定	不太好	不太好	不 太 好
791	791	788	表态#否定	不太行	不 太行	不 太 行
792	792	789	表态#否定	不太靠谱	不太靠 谱	不 太 靠 谱
793	793	790	表态#否定	不对	不 对	不 对
794	794	791	表态#否定	不怎么样	不怎么样	不 怎 么 样
795	795	792	表态#否定	不是	不是	不 是
796	796	793	表态#否定	不是很好	不是 很 好	不 是 很 好
797	797	794	表态#否定	不是我的菜	不是 我 的 菜	不 是 我 的 菜
798	798	795	表态#否定	不是这样的	不是 这样 的	不 是 这 样 的
799	799	796	表态#否定	不用了	不用 了	不 用 了
800	800	797	表态#否定	不行	不行	不 行
801	801	798	表态#否定	不要这个	不要 这个	不 要 这 个
802	802	799	表态#否定	不要这个手机	不要 这个 手机	不 要 这 个 手 机
803	803	800	表态#否定	不要这台	不要 这台	不 要 这 台
804	804	801	表态#否定	不要这款	不要 这 款	不 要 这 款
805	805	802	表态#否定	不要这款手机	不要 这 款 手机	不 要 这 款 手 机
806	806	803	表态#否定	不要这种	不要 这种	不 要 这 种
807	807	804	表态#否定	不要这部	不要 这部	不 要 这 部
808	808	805	表态#否定	不要这部手机	不要 这 部手机	不 要 这 部 手 机
809	809	806	表态#否定	不靠谱	不靠 谱	不 靠 谱
810	810	807	表态#否定	你不应该这样做	你 不 应该 这样 做	你 不 应 该 这 样 做
811	811	808	表态#否定	你不应该这样说	你 不 应该 这样 说	你 不 应 该 这 样 说
812	812	809	表态#否定	你不能乱说话	你 不能 乱说话	你 不 能 乱 说 话
813	813	810	表态#否定	你不能这样做	你 不能 这样 做	你 不 能 这 样 做
814	814	811	表态#否定	你不能这样想	你 不能 这样 想	你 不 能 这 样 想
815	815	812	表态#否定	你不能这样说	你 不能 这样 说	你 不 能 这 样 说
816	816	813	表态#否定	你的做法是不行的	你 的 做法 是 不行 的	你 的 做 法 是 不 行 的
817	817	814	表态#否定	你的想法不好	你 的 想法 不好	你 的 想 法 不 好
818	818	815	表态#否定	你的想法是不对的	你 的 想法 是 不 对 的	你 的 想 法 是 不 对 的
819	819	816	表态#否定	你的想法是不行的	你 的 想法 是 不行 的	你 的 想 法 是 不 行 的
820	820	817	表态#否定	你的观点是不行的	你 的 观点 是 不行 的	你 的 观 点 是 不 行 的
821	821	818	表态#否定	你的言论遭到了我们的否定	你 的 言论 遭到 了 我们 的 否定	你 的 言 论 遭 到 了 我 们 的 否 定
822	822	819	表态#否定	你的论点是不行的	你 的 论点 是 不行 的	你 的 论 点 是 不 行 的
823	823	820	表态#否定	你的话非君子之言	你 的话 非 君子 之 言	你 的 话 非 君 子 之 言
824	824	821	表态#否定	你说错了	你 说错 了	你 说 错 了
825	825	822	表态#否定	你说错了把	你 说错 了 把	你 说 错 了 把
826	826	823	表态#否定	你这样是不对的	你 这样 是 不 对 的	你 这 样 是 不 对 的
827	827	824	表态#否定	你这样是不行的	你 这样 是 不行 的	你 这 样 是 不 行 的
828	828	825	表态#否定	反对你的观点	反对 你 的 观点	反 对 你 的 观 点
829	829	826	表态#否定	太平常了	太 平常 了	太 平 常 了
830	830	827	表态#否定	太普通了	太普通 了	太 普 通 了
831	831	828	表态#否定	平庸	平庸	平 庸
832	832	829	表态#否定	很普通	很 普通	很 普 通
833	833	830	表态#否定	我不同意	我 不 同意	我 不 同 意
834	834	831	表态#否定	我不同意你的看法	我 不 同意 你 的 看法	我 不 同 意 你 的 看 法
835	835	832	表态#否定	我不同意你的说法	我 不 同意 你 的 说法	我 不 同 意 你 的 说 法
836	836	839	表态#否定	我不愿意	我 不 愿意	我 不 愿 意
837	837	840	表态#否定	我不要	我 不要	我 不 要
838	838	841	表态#否定	我不要你说得这个	我 不要 你 说 得 这个	我 不 要 你 说 得 这 个
839	839	842	表态#否定	我不要这个手机	我 不要 这个 手机	我 不 要 这 个 手 机
840	840	843	表态#否定	我不要这款手机	我 不要 这 款 手机	我 不 要 这 款 手 机
841	841	844	表态#否定	我不要这部手机	我 不要 这 部手机	我 不 要 这 部 手 机
842	842	845	表态#否定	我不认为你做得好	我 不 认为 你 做得好	我 不 认 为 你 做 得 好
843	843	846	表态#否定	我不认为你做的对	我 不 认为 你 做 的 对	我 不 认 为 你 做 的 对
844	844	847	表态#否定	我不认为你的做法是好的	我 不 认为 你 的 做法 是 好 的	我 不 认 为 你 的 做 法 是 好 的
845	845	848	表态#否定	我不认为你的做法是对的	我 不 认为 你 的 做法 是 对 的	我 不 认 为 你 的 做 法 是 对 的
846	846	849	表态#否定	我不认为你的做法是行的	我 不 认为 你 的 做法 是 行 的	我 不 认 为 你 的 做 法 是 行 的
847	847	850	表态#否定	我不认为你的想法是好的	我 不 认为 你 的 想法 是 好 的	我 不 认 为 你 的 想 法 是 好 的
848	848	851	表态#否定	我不认为你的想法是对的	我 不 认为 你 的 想法 是 对 的	我 不 认 为 你 的 想 法 是 对 的
849	849	852	表态#否定	我不认为你的想法是行的	我 不 认为 你 的 想法 是 行 的	我 不 认 为 你 的 想 法 是 行 的
850	850	853	表态#否定	我不认为你的观点是好的	我 不 认为 你 的 观点 是 好 的	我 不 认 为 你 的 观 点 是 好 的
851	851	854	表态#否定	我不认为你的观点是对的	我 不 认为 你 的 观点 是 对 的	我 不 认 为 你 的 观 点 是 对 的
852	852	855	表态#否定	我不认为你的观点是行的	我 不 认为 你 的 观点 是 行 的	我 不 认 为 你 的 观 点 是 行 的
853	853	856	表态#否定	我不认为你的说法是好的	我 不 认为 你 的 说法 是 好 的	我 不 认 为 你 的 说 法 是 好 的
854	854	857	表态#否定	我不认为你的说法是对的	我 不 认为 你 的 说法 是 对 的	我 不 认 为 你 的 说 法 是 对 的
855	855	858	表态#否定	我不认为你的说法是行的	我 不 认为 你 的 说法 是 行 的	我 不 认 为 你 的 说 法 是 行 的
856	856	859	表态#否定	我不认为你说得好	我 不 认为 你 说得好	我 不 认 为 你 说 得 好
857	857	860	表态#否定	我不认为你说得是对的	我 不 认为 你 说 得 是 对 的	我 不 认 为 你 说 得 是 对 的
858	858	861	表态#否定	我不认为你说的对	我 不 认为 你 说 的 对	我 不 认 为 你 说 的 对
859	859	862	表态#否定	我不认为是这样的	我 不 认为 是 这样 的	我 不 认 为 是 这 样 的
860	860	863	表态#否定	我不认为这是对的	我 不 认为 这 是 对 的	我 不 认 为 这 是 对 的
861	861	864	表态#否定	我反对	我 反对	我 反 对
862	862	865	表态#否定	我否定你的做法	我 否定 你 的 做法	我 否 定 你 的 做 法
863	863	866	表态#否定	我否定你的答案	我 否定 你 的 答案	我 否 定 你 的 答 案
864	864	867	表态#否定	我没有	我 没有	我 没 有
865	865	868	表态#否定	我绝对不同意你的观点	我 绝对 不 同意 你 的 观点	我 绝 对 不 同 意 你 的 观 点
866	866	869	表态#否定	我觉得不合适	我 觉得 不 合适	我 觉 得 不 合 适
867	867	870	表态#否定	我觉得不好	我 觉得 不好	我 觉 得 不 好
868	868	871	表态#否定	我觉得这台手机不好	我 觉得 这台 手机 不好	我 觉 得 这 台 手 机 不 好
869	869	872	表态#否定	我觉得这款不好	我 觉得 这 款 不好	我 觉 得 这 款 不 好
870	870	873	表态#否定	我觉得这部手机不好	我 觉得 这 部手机 不好	我 觉 得 这 部 手 机 不 好
871	871	874	表态#否定	我认为不是这样的	我 认为 不是 这样 的	我 认 为 不 是 这 样 的
872	872	875	表态#否定	我认为你做的不对	我 认为 你 做 的 不 对	我 认 为 你 做 的 不 对
873	873	876	表态#否定	我认为你的做法不好	我 认为 你 的 做法 不好	我 认 为 你 的 做 法 不 好
874	874	877	表态#否定	我认为你的做法是不好的	我 认为 你 的 做法 是 不好 的	我 认 为 你 的 做 法 是 不 好 的
875	875	878	表态#否定	我认为你的做法是不对的	我 认为 你 的 做法 是 不 对 的	我 认 为 你 的 做 法 是 不 对 的
876	876	879	表态#否定	我认为你的做法是不行的	我 认为 你 的 做法 是 不行 的	我 认 为 你 的 做 法 是 不 行 的
877	877	880	表态#否定	我认为你的想法不好	我 认为 你 的 想法 不好	我 认 为 你 的 想 法 不 好
878	878	881	表态#否定	我认为你的想法是不好的	我 认为 你 的 想法 是 不好 的	我 认 为 你 的 想 法 是 不 好 的
879	879	882	表态#否定	我认为你的想法是不对的	我 认为 你 的 想法 是 不 对 的	我 认 为 你 的 想 法 是 不 对 的
880	880	883	表态#否定	我认为你的想法是不行的	我 认为 你 的 想法 是 不行 的	我 认 为 你 的 想 法 是 不 行 的
881	881	884	表态#否定	我认为你的观点不好	我 认为 你 的 观点 不好	我 认 为 你 的 观 点 不 好
882	882	885	表态#否定	我认为你的观点是不好的	我 认为 你 的 观点 是 不好 的	我 认 为 你 的 观 点 是 不 好 的
883	883	886	表态#否定	我认为你的观点是不对的	我 认为 你 的 观点 是 不 对 的	我 认 为 你 的 观 点 是 不 对 的
884	884	887	表态#否定	我认为你的观点是不行的	我 认为 你 的 观点 是 不行 的	我 认 为 你 的 观 点 是 不 行 的
885	885	888	表态#否定	我认为你的说法不好	我 认为 你 的 说法 不好	我 认 为 你 的 说 法 不 好
886	886	889	表态#否定	我认为你的说法是不好的	我 认为 你 的 说法 是 不好 的	我 认 为 你 的 说 法 是 不 好 的
887	887	890	表态#否定	我认为你的说法是不对的	我 认为 你 的 说法 是 不 对 的	我 认 为 你 的 说 法 是 不 对 的
888	888	891	表态#否定	我认为你的说法是不行的	我 认为 你 的 说法 是 不行 的	我 认 为 你 的 说 法 是 不 行 的
889	889	892	表态#否定	我认为你说的不对	我 认为 你 说 的 不 对	我 认 为 你 说 的 不 对
890	890	893	表态#否定	我认为这是不对的	我 认为 这 是 不 对 的	我 认 为 这 是 不 对 的
891	891	894	表态#否定	无直接关系	无 直接 关系	无 直 接 关 系
892	892	895	表态#否定	这不可能是对的	这 不 可能 是 对 的	这 不 可 能 是 对 的
893	893	896	表态#否定	这不可能是这样的	这 不 可能 是 这样 的	这 不 可 能 是 这 样 的
894	894	897	表态#否定	这不是对的	这 不是 对 的	这 不 是 对 的
895	895	898	表态#否定	这个我不想要	这个 我 不 想要	这 个 我 不 想 要
896	896	899	表态#否定	这台手机不要了	这台 手机 不要 了	这 台 手 机 不 要 了
897	897	900	表态#否定	这是不对的	这 是 不 对 的	这 是 不 对 的
898	898	901	表态#否定	这样是不好的	这样 是 不好 的	这 样 是 不 好 的
899	899	902	表态#否定	这样是不对的	这样 是 不 对 的	这 样 是 不 对 的
900	900	903	表态#否定	这样是不行的	这样 是 不行 的	这 样 是 不 行 的
901	901	904	表态#否定	错误	错误	错 误
902	902	905	表态#否定	﻿不	﻿ 不	﻿ 不
903	903	906	表态#满意	万岁，耶	万岁 ， 耶	万 岁 ， 耶
904	904	907	表态#满意	不愧是你	不愧 是 你	不 愧 是 你
905	905	908	表态#满意	不错	不错	不 错
906	906	909	表态#满意	不错的手机	不错 的 手机	不 错 的 手 机
907	907	910	表态#满意	他确实挺不错的	他 确实 挺不错 的	他 确 实 挺 不 错 的
908	908	911	表态#满意	他跟你介绍的那个样子差不多，你说的太准了	他 跟 你 介绍 的 那个 样子 差不多 ， 你 说 的 太准 了	他 跟 你 介 绍 的 那 个 样 子 差 不 多 ， 你 说 的 太 准 了
909	909	912	表态#满意	你刚刚的话让我受益匪浅	你 刚刚 的话 让 我 受益匪浅	你 刚 刚 的 话 让 我 受 益 匪 浅
910	910	913	表态#满意	你刚刚让我大吃一惊，说得太好了	你 刚刚 让 我 大吃一惊 ， 说 得 太好了	你 刚 刚 让 我 大 吃 一 惊 ， 说 得 太 好 了
911	911	914	表态#满意	你刚刚讲的话很精彩	你 刚刚 讲 的话 很 精彩	你 刚 刚 讲 的 话 很 精 彩
912	912	915	表态#满意	你办事，我放心	你 办事 ， 我 放心	你 办 事 ， 我 放 心
913	913	916	表态#满意	你太给力了	你 太 给 力 了	你 太 给 力 了
914	914	917	表态#满意	你太聪明了，我太崇拜你了	你 太 聪明 了 ， 我 太 崇拜 你 了	你 太 聪 明 了 ， 我 太 崇 拜 你 了
915	915	918	表态#满意	你好幽默啊，大家都被你逗乐了	你好 幽默 啊 ， 大家 都 被 你 逗乐 了	你 好 幽 默 啊 ， 大 家 都 被 你 逗 乐 了
916	916	919	表态#满意	你对大家很友善哦	你 对 大家 很 友善 哦	你 对 大 家 很 友 善 哦
917	917	920	表态#满意	你对大家都很公平，值得学习	你 对 大家 都 很 公平 ， 值得 学习	你 对 大 家 都 很 公 平 ， 值 得 学 习
918	918	921	表态#满意	你很勇敢哦	你 很 勇敢 哦	你 很 勇 敢 哦
919	919	922	表态#满意	你的状态非常饱满哦	你 的 状态 非常 饱满 哦	你 的 状 态 非 常 饱 满 哦
920	920	923	表态#满意	你的观点很好，大家会赞成的	你 的 观点 很 好 ， 大家 会 赞成 的	你 的 观 点 很 好 ， 大 家 会 赞 成 的
921	921	924	表态#满意	你真厉害	你 真 厉害	你 真 厉 害
922	922	925	表态#满意	你真帅	你 真帅	你 真 帅
923	923	926	表态#满意	你表现得很自信哦	你 表现 得 很 自信 哦	你 表 现 得 很 自 信 哦
924	924	927	表态#满意	你讲的对，这件事必须按你说的办	你 讲 的 对 ， 这件 事 必须 按 你 说 的 办	你 讲 的 对 ， 这 件 事 必 须 按 你 说 的 办
925	925	928	表态#满意	你说得不错	你 说 得 不错	你 说 得 不 错
926	926	929	表态#满意	你说得对，我认为很正确	你 说得对 ， 我 认为 很 正确	你 说 得 对 ， 我 认 为 很 正 确
927	927	930	表态#满意	你说的真好	你 说 的 真 好	你 说 的 真 好
928	928	931	表态#满意	你说的话好有道理，就按你说的办	你 说 的话 好 有 道理 ， 就 按 你 说 的 办	你 说 的 话 好 有 道 理 ， 就 按 你 说 的 办
929	929	932	表态#满意	做人就该像你这样低调嘛	做人 就 该 像 你 这样 低调 嘛	做 人 就 该 像 你 这 样 低 调 嘛
930	930	933	表态#满意	做的好	做 的 好	做 的 好
931	931	934	表态#满意	听了你的话，顿时心里踏实了	听 了 你 的话 ， 顿时 心里 踏实 了	听 了 你 的 话 ， 顿 时 心 里 踏 实 了
932	932	935	表态#满意	和你聊得很开心	和 你 聊得 很 开心	和 你 聊 得 很 开 心
933	933	936	表态#满意	哈哈，幸亏有你在	哈哈 ， 幸亏 有 你 在	哈 哈 ， 幸 亏 有 你 在
934	934	937	表态#满意	太给力了	太给力 了	太 给 力 了
935	935	938	表态#满意	好厉害的手机	好 厉害 的 手机	好 厉 害 的 手 机
936	936	939	表态#满意	好喜欢的手机	好 喜欢 的 手机	好 喜 欢 的 手 机
937	937	940	表态#满意	好开心啊，谢谢你哦	好开心 啊 ， 谢谢 你 哦	好 开 心 啊 ， 谢 谢 你 哦
938	938	941	表态#满意	好犀利	好 犀利	好 犀 利
939	939	942	表态#满意	好犀利啊	好 犀利 啊	好 犀 利 啊
940	940	943	表态#满意	好评	好评	好 评
941	941	944	表态#满意	希望你再接再厉，取得更大的进步	希望 你 再接再厉 ， 取得 更大 的 进步	希 望 你 再 接 再 厉 ， 取 得 更 大 的 进 步
942	942	945	表态#满意	干得好	干得 好	干 得 好
943	943	946	表态#满意	干的漂亮	干 的 漂亮	干 的 漂 亮
944	944	947	表态#满意	很好	很 好	很 好
945	945	948	表态#满意	很满意	很 满意	很 满 意
946	946	949	表态#满意	我中意它	我 中意 它	我 中 意 它
947	947	950	表态#满意	我中意这款	我 中意 这 款	我 中 意 这 款
948	948	951	表态#满意	我好中意	我 好 中意	我 好 中 意
949	949	952	表态#满意	我好喜欢这个	我 好 喜欢 这个	我 好 喜 欢 这 个
950	950	953	表态#满意	我很享受我们之间的交流	我 很 享受 我们 之间 的 交流	我 很 享 受 我 们 之 间 的 交 流
951	951	954	表态#满意	我很喜欢	我 很 喜欢	我 很 喜 欢
952	952	955	表态#满意	我懂了，好厉害	我 懂 了 ， 好 厉害	我 懂 了 ， 好 厉 害
953	953	956	表态#满意	我真心喜欢他	我 真心 喜欢 他	我 真 心 喜 欢 他
954	954	957	表态#满意	我非常喜欢这个	我 非常 喜欢 这个	我 非 常 喜 欢 这 个
955	955	958	表态#满意	有你在，真好啊	有 你 在 ， 真好 啊	有 你 在 ， 真 好 啊
956	956	959	表态#满意	有你真好	有 你 真 好	有 你 真 好
957	957	960	表态#满意	正解，难得我们能想到一块去	正 解 ， 难得 我们 能 想到 一块 去	正 解 ， 难 得 我 们 能 想 到 一 块 去
958	958	961	表态#满意	漂亮	漂亮	漂 亮
959	959	962	表态#满意	牛	牛	牛
960	960	963	表态#满意	牛逼	牛 逼	牛 逼
961	961	964	表态#满意	猴赛雷	猴赛 雷	猴 赛 雷
962	962	965	表态#满意	看来你的推荐可以接受	看来 你 的 推荐 可以 接受	看 来 你 的 推 荐 可 以 接 受
963	963	966	表态#满意	真厉害啊	真 厉害 啊	真 厉 害 啊
964	964	967	表态#满意	真棒	真棒	真 棒
965	965	968	表态#满意	真牛	真牛	真 牛
966	966	969	表态#满意	真的不错	真的 不错	真 的 不 错
967	967	970	表态#满意	真的好漂亮	真的 好 漂亮	真 的 好 漂 亮
968	968	971	表态#满意	给你赞一个	给 你 赞 一个	给 你 赞 一 个
969	969	972	表态#满意	给力	给力	给 力
970	970	973	表态#满意	绝对好评	绝对 好评	绝 对 好 评
971	971	974	表态#满意	讲话就该像你这样	讲话 就 该 像 你 这样	讲 话 就 该 像 你 这 样
972	972	975	表态#满意	说得太棒了	说 得 太棒了	说 得 太 棒 了
973	973	976	表态#满意	貌似很不错哦	貌似 很 不错 哦	貌 似 很 不 错 哦
974	974	977	表态#满意	赞	赞	赞
975	975	978	表态#满意	超级棒的手机	超级 棒 的 手机	超 级 棒 的 手 机
976	976	979	表态#满意	这个不错	这个 不错	这 个 不 错
977	977	980	表态#满意	这款手机不错	这 款 手机 不错	这 款 手 机 不 错
978	978	981	表态#满意	这款手机好犀利	这 款 手机 好 犀利	这 款 手 机 好 犀 利
979	979	982	表态#满意	非常棒	非常 棒	非 常 棒
980	980	983	表态#犹豫	买还是不买呢	买 还是 不买 呢	买 还 是 不 买 呢
981	981	984	表态#犹豫	你好，等我问清楚了，再过来答复您好吗	你好 ， 等 我 问 清楚 了 ， 再 过来 答复 您好 吗	你 好 ， 等 我 问 清 楚 了 ， 再 过 来 答 复 您 好 吗
982	982	985	表态#犹豫	你有什么意见	你 有 什么 意见	你 有 什 么 意 见
983	983	986	表态#犹豫	你有没有什么好的建议	你 有没有 什么 好 的 建议	你 有 没 有 什 么 好 的 建 议
984	984	987	表态#犹豫	你有没有好的建议吗	你 有没有 好 的 建议 吗	你 有 没 有 好 的 建 议 吗
985	985	988	表态#犹豫	你的意见呢	你 的 意见 呢	你 的 意 见 呢
986	986	989	表态#犹豫	你等等，我再想下	你 等等 ， 我 再 想 下	你 等 等 ， 我 再 想 下
987	987	990	表态#犹豫	你认为我买哪款比较好	你 认为 我 买 哪款 比较 好	你 认 为 我 买 哪 款 比 较 好
988	988	991	表态#犹豫	你说买哪个好点	你 说 买 哪个 好点	你 说 买 哪 个 好 点
989	989	992	表态#犹豫	再考虑下	再 考虑 下	再 考 虑 下
990	990	993	表态#犹豫	到底值不值得买呢	到底 值不值得 买 呢	到 底 值 不 值 得 买 呢
991	991	994	表态#犹豫	到底哪一款比较好	到底 哪 一款 比较 好	到 底 哪 一 款 比 较 好
992	992	995	表态#犹豫	可是我没有想好买哪部手机	可是 我 没有 想 好 买 哪 部手机	可 是 我 没 有 想 好 买 哪 部 手 机
993	993	996	表态#犹豫	哪一个比较好	哪 一个 比较 好	哪 一 个 比 较 好
994	994	997	表态#犹豫	哪个好呢	哪个 好 呢	哪 个 好 呢
995	995	998	表态#犹豫	哪个好看点	哪个 好看 点	哪 个 好 看 点
996	996	999	表态#犹豫	哪款好呢	哪款 好 呢	哪 款 好 呢
997	997	1000	表态#犹豫	好纠结好纠结呀	好 纠结 好 纠结 呀	好 纠 结 好 纠 结 呀
998	998	1001	表态#犹豫	我不清楚想要哪个	我 不 清楚 想要 哪个	我 不 清 楚 想 要 哪 个
999	999	1002	表态#犹豫	我不知道哪个好	我 不 知道 哪个 好	我 不 知 道 哪 个 好
1000	1000	1003	表态#犹豫	我不知道选哪一个	我 不 知道 选 哪 一个	我 不 知 道 选 哪 一 个
1001	1001	1004	表态#犹豫	我不知道选哪款手机	我 不 知道 选 哪款 手机	我 不 知 道 选 哪 款 手 机
1002	1002	1005	表态#犹豫	我不确定到底要买哪一款手机	我 不 确定 到底 要 买 哪 一款 手机	我 不 确 定 到 底 要 买 哪 一 款 手 机
1003	1003	1006	表态#犹豫	我再思考下	我 再 思考 下	我 再 思 考 下
1004	1004	1007	表态#犹豫	我再想想	我 再 想想	我 再 想 想
1005	1005	1008	表态#犹豫	我再考虑下把	我 再 考虑 下 把	我 再 考 虑 下 把
1006	1006	1009	表态#犹豫	我和朋友商量下	我 和 朋友 商量 下	我 和 朋 友 商 量 下
1007	1007	1010	表态#犹豫	我思考下	我 思考 下	我 思 考 下
1008	1008	1011	表态#犹豫	我想先考虑下	我 想 先 考虑 下	我 想 先 考 虑 下
1009	1009	1012	表态#犹豫	我想想	我 想想	我 想 想
1010	1010	1013	表态#犹豫	我想考虑下	我 想 考虑 下	我 想 考 虑 下
1011	1011	1014	表态#犹豫	我无法做出决定	我 无法 做出 决定	我 无 法 做 出 决 定
1012	1012	1015	表态#犹豫	我没有任何思路	我 没有 任何 思路	我 没 有 任 何 思 路
1013	1013	1016	表态#犹豫	我没有任何想法	我 没有 任何 想法	我 没 有 任 何 想 法
1014	1014	1017	表态#犹豫	我没有任何方案	我 没有 任何 方案	我 没 有 任 何 方 案
1015	1015	1018	表态#犹豫	我没有任何观点	我 没有 任何 观点	我 没 有 任 何 观 点
1016	1016	1019	表态#犹豫	我没有好的做法	我 没有 好 的 做法	我 没 有 好 的 做 法
1017	1017	1020	表态#犹豫	我没有好的思路	我 没有 好 的 思路	我 没 有 好 的 思 路
1018	1018	1021	表态#犹豫	我没有好的想法	我 没有 好 的 想法	我 没 有 好 的 想 法
1019	1019	1022	表态#犹豫	我没有好的方案	我 没有 好 的 方案	我 没 有 好 的 方 案
1020	1020	1023	表态#犹豫	我没有好的观点	我 没有 好 的 观点	我 没 有 好 的 观 点
1021	1021	1024	表态#犹豫	我犹豫不决啊	我 犹豫不决 啊	我 犹 豫 不 决 啊
1022	1022	1025	表态#犹豫	我要买哪一个	我要 买 哪 一个	我 要 买 哪 一 个
1023	1023	1026	表态#犹豫	我该使用哪款手机	我该 使用 哪款 手机	我 该 使 用 哪 款 手 机
1024	1024	1027	表态#犹豫	我还在纠结哪一个	我 还 在 纠结 哪 一个	我 还 在 纠 结 哪 一 个
1025	1025	1028	表态#犹豫	有好的意见吗	有 好 的 意见 吗	有 好 的 意 见 吗
1026	1026	1029	表态#犹豫	正在犹豫要不要	正在 犹豫 要 不要	正 在 犹 豫 要 不 要
1027	1027	1031	表态#犹豫	犹豫不决	犹豫不决	犹 豫 不 决
1028	1028	1032	表态#犹豫	等一下，我想想	等 一下 ， 我 想想	等 一 下 ， 我 想 想
1029	1029	1033	表态#犹豫	给点意见	给 点 意见	给 点 意 见
1030	1030	1034	表态#犹豫	考虑下	考虑 下	考 虑 下
1031	1031	1035	表态#犹豫	要这部手机还是那部呢	要 这 部手机 还是 那部 呢	要 这 部 手 机 还 是 那 部 呢
1032	1032	1036	表态#犹豫	谁比较好	谁 比较 好	谁 比 较 好
1033	1033	1037	表态#犹豫	这部手机好还是那部手机好	这 部手机 好 还是 那 部手机 好	这 部 手 机 好 还 是 那 部 手 机 好
1034	1034	1038	表态#犹豫	选哪一台好呢	选 哪 一台 好 呢	选 哪 一 台 好 呢
1035	1035	1039	表态#犹豫	那么，你觉得哪一款适合我	那么 ， 你 觉得 哪 一款 适合 我	那 么 ， 你 觉 得 哪 一 款 适 合 我
1036	1036	1040	表态#犹豫	那么，你觉得这部手机好吗	那么 ， 你 觉得 这 部手机 好 吗	那 么 ， 你 觉 得 这 部 手 机 好 吗
1037	1037	1041	表态#犹豫	那么，我选哪一款好	那么 ， 我选 哪 一款 好	那 么 ， 我 选 哪 一 款 好
1038	1038	1042	表态#犹豫	都不知买不买好	都 不知 买 不 买好	都 不 知 买 不 买 好
1039	1039	1043	表态#犹豫	﻿纠结，不知道买不买好，好纠结	﻿ 纠结 ， 不 知道 买 不 买好 ， 好 纠结	﻿ 纠 结 ， 不 知 道 买 不 买 好 ， 好 纠 结
1040	1040	1044	表态#疑问	为什么	为什么	为 什 么
1041	1041	1045	表态#疑问	真的么	真的 么	真 的 么
1042	1042	1046	表态#疑问	真的么，好好玩的样子	真的 么 ， 好 好玩 的 样子	真 的 么 ， 好 好 玩 的 样 子
1043	1043	1047	表态#疑问	真的么？怎么会这样呢	真的 么 ？ 怎么 会 这样 呢	真 的 么 ？ 怎 么 会 这 样 呢
1044	1044	1048	表态#疑问	真的吗?	真的 吗 ?	真 的 吗 ?
1045	1045	1049	表态#疑问	真的是这样吗?	真的 是 这样 吗 ?	真 的 是 这 样 吗 ?
1046	1046	1050	表态#肯定	OK	OK	O K
1047	1047	735	表态#肯定	一般般	一般般	一 般 般
1048	1048	736	表态#肯定	一般般你	一般般 你	一 般 般 你
1049	1049	1051	表态#肯定	你是对的	你 是 对 的	你 是 对 的
1050	1050	1052	表态#肯定	你说得对	你 说得对	你 说 得 对
1051	1051	1053	表态#肯定	你说的对哦，这件事本该如此	你 说 的 对 哦 ， 这件 事 本该如此	你 说 的 对 哦 ， 这 件 事 本 该 如 此
1052	1052	1054	表态#肯定	可以	可以	可 以
1053	1053	1055	表态#肯定	可以啦	可以 啦	可 以 啦
1054	1054	1056	表态#肯定	可以喔	可以 喔	可 以 喔
1055	1055	1057	表态#肯定	可以接受	可以 接受	可 以 接 受
1056	1056	1058	表态#肯定	可以没问题	可以 没 问题	可 以 没 问 题
1057	1057	1059	表态#肯定	可以的	可以 的	可 以 的
1058	1058	1060	表态#肯定	可以要	可以 要	可 以 要
1059	1059	1061	表态#肯定	同意	同意	同 意
1060	1060	1062	表态#肯定	听你的话	听 你 的话	听 你 的 话
1061	1061	1063	表态#肯定	呦西	呦 西	呦 西
1062	1062	1064	表态#肯定	嗯	嗯	嗯
1063	1063	1065	表态#肯定	嗯，好的啊	嗯 ， 好 的 啊	嗯 ， 好 的 啊
1064	1064	1066	表态#肯定	嗯，对	嗯 ， 对	嗯 ， 对
1065	1065	1067	表态#肯定	嗯，我认为我的想法完全正确	嗯 ， 我 认为 我 的 想法 完全正确	嗯 ， 我 认 为 我 的 想 法 完 全 正 确
1066	1066	1068	表态#肯定	嗯，我认为我的想法是对的	嗯 ， 我 认为 我 的 想法 是 对 的	嗯 ， 我 认 为 我 的 想 法 是 对 的
1067	1067	1069	表态#肯定	嗯，我认为这是对的	嗯 ， 我 认为 这 是 对 的	嗯 ， 我 认 为 这 是 对 的
1068	1068	1070	表态#肯定	嗯，我认为这是正确的	嗯 ， 我 认为 这是 正确 的	嗯 ， 我 认 为 这 是 正 确 的
1069	1069	1071	表态#肯定	嗯，我认为这能行	嗯 ， 我 认为 这能行	嗯 ， 我 认 为 这 能 行
1070	1070	1072	表态#肯定	嗯，是的	嗯 ， 是 的	嗯 ， 是 的
1071	1071	1073	表态#肯定	嗯，是这样	嗯 ， 是 这样	嗯 ， 是 这 样
1072	1072	1074	表态#肯定	嗯，肯定是对的	嗯 ， 肯定 是 对 的	嗯 ， 肯 定 是 对 的
1073	1073	1075	表态#肯定	嗯，肯定是正确的	嗯 ， 肯定 是 正确 的	嗯 ， 肯 定 是 正 确 的
1074	1074	1076	表态#肯定	嗯，这是对的啊	嗯 ， 这 是 对 的 啊	嗯 ， 这 是 对 的 啊
1075	1075	1077	表态#肯定	好吧	好 吧	好 吧
1076	1076	1078	表态#肯定	好好好	好好 好	好 好 好
1077	1077	1079	表态#肯定	好的	好 的	好 的
1078	1078	1080	表态#肯定	好的啊	好 的 啊	好 的 啊
1079	1079	1081	表态#肯定	好的，我支持你	好 的 ， 我 支持 你	好 的 ， 我 支 持 你
1080	1080	1082	表态#肯定	完全正确	完全正确	完 全 正 确
1081	1081	1083	表态#肯定	对	对	对
1082	1082	1084	表态#肯定	对啊	对 啊	对 啊
1083	1083	1085	表态#肯定	对啊，对啊	对 啊 ， 对 啊	对 啊 ， 对 啊
1084	1084	1086	表态#肯定	对的	对 的	对 的
1085	1085	1087	表态#肯定	对的啊	对 的 啊	对 的 啊
1086	1086	1088	表态#肯定	对，就是这样	对 ， 就是 这样	对 ， 就 是 这 样
1087	1087	1089	表态#肯定	就是你说的这样做	就是 你 说 的 这样 做	就 是 你 说 的 这 样 做
1088	1088	1090	表态#肯定	就该这样做的	就 该 这样 做 的	就 该 这 样 做 的
1089	1089	1091	表态#肯定	感觉好像那部手机好一点	感觉 好像 那 部手机 好 一点	感 觉 好 像 那 部 手 机 好 一 点
1090	1090	1092	表态#肯定	我也觉得也是	我 也 觉得 也 是	我 也 觉 得 也 是
1091	1091	1093	表态#肯定	我也这么认为的	我 也 这么 认为 的	我 也 这 么 认 为 的
1092	1092	1094	表态#肯定	我同意	我 同意	我 同 意
1093	1093	1095	表态#肯定	我同意你的想法	我 同意 你 的 想法	我 同 意 你 的 想 法
1094	1094	1096	表态#肯定	我同意你的说法	我 同意 你 的 说法	我 同 意 你 的 说 法
1095	1095	1097	表态#肯定	我坚信我的想法是对的	我 坚信 我 的 想法 是 对 的	我 坚 信 我 的 想 法 是 对 的
1096	1096	1098	表态#肯定	我坚信我的想法是正确的	我 坚信 我 的 想法 是 正确 的	我 坚 信 我 的 想 法 是 正 确 的
1097	1097	1099	表态#肯定	我坚信我的想法，那是一定正确的	我 坚信 我 的 想法 ， 那 是 一定 正确 的	我 坚 信 我 的 想 法 ， 那 是 一 定 正 确 的
1098	1098	1100	表态#肯定	我坚信我的想法，那是十分正确的	我 坚信 我 的 想法 ， 那 是 十分 正确 的	我 坚 信 我 的 想 法 ， 那 是 十 分 正 确 的
1099	1099	1101	表态#肯定	我坚信我的想法，那是完全正确的	我 坚信 我 的 想法 ， 那 是 完全正确 的	我 坚 信 我 的 想 法 ， 那 是 完 全 正 确 的
1100	1100	1102	表态#肯定	我坚信我的想法，那是绝对正确的	我 坚信 我 的 想法 ， 那 是 绝对 正确 的	我 坚 信 我 的 想 法 ， 那 是 绝 对 正 确 的
1101	1101	1103	表态#肯定	我坚信我的想法，那是肯定正确的	我 坚信 我 的 想法 ， 那 是 肯定 正确 的	我 坚 信 我 的 想 法 ， 那 是 肯 定 正 确 的
1102	1102	1104	表态#肯定	我坚信我的想法，那是非常正确的	我 坚信 我 的 想法 ， 那 是 非常 正确 的	我 坚 信 我 的 想 法 ， 那 是 非 常 正 确 的
1103	1103	1105	表态#肯定	我坚信我的观点是对的	我 坚信 我 的 观点 是 对 的	我 坚 信 我 的 观 点 是 对 的
1104	1104	1106	表态#肯定	我坚信我的观点是正确的	我 坚信 我 的 观点 是 正确 的	我 坚 信 我 的 观 点 是 正 确 的
1105	1105	1107	表态#肯定	我坚信我的论点是对的	我 坚信 我 的 论点 是 对 的	我 坚 信 我 的 论 点 是 对 的
1106	1106	1108	表态#肯定	我坚信我的论点是正确的	我 坚信 我 的 论点 是 正确 的	我 坚 信 我 的 论 点 是 正 确 的
1107	1107	1109	表态#肯定	我坚信这一定能行	我 坚信 这 一定 能 行	我 坚 信 这 一 定 能 行
1108	1108	1110	表态#肯定	我坚信这完全能行	我 坚信 这 完全 能 行	我 坚 信 这 完 全 能 行
1109	1109	1111	表态#肯定	我坚信这绝对能行	我 坚信 这 绝对 能 行	我 坚 信 这 绝 对 能 行
1110	1110	1112	表态#肯定	我坚信这肯定能行	我 坚信 这 肯定 能 行	我 坚 信 这 肯 定 能 行
1111	1111	1113	表态#肯定	我坚信这能行	我 坚信 这能行	我 坚 信 这 能 行
1112	1112	1114	表态#肯定	我就是这样觉得的	我 就是 这样 觉得 的	我 就 是 这 样 觉 得 的
1113	1113	1115	表态#肯定	我想这是正确的	我 想 这 是 正确 的	我 想 这 是 正 确 的
1114	1114	1116	表态#肯定	我的想法一定正确	我 的 想法 一定 正确	我 的 想 法 一 定 正 确
1115	1115	1117	表态#肯定	我相信	我 相信	我 相 信
1116	1116	1118	表态#肯定	我知道了	我 知道 了	我 知 道 了
1117	1117	1119	表态#肯定	我肯定我的想法是一定正确的	我 肯定 我 的 想法 是 一定 正确 的	我 肯 定 我 的 想 法 是 一 定 正 确 的
1118	1118	1120	表态#肯定	我肯定我的想法是十分正确的	我 肯定 我 的 想法 是 十分 正确 的	我 肯 定 我 的 想 法 是 十 分 正 确 的
1119	1119	1121	表态#肯定	我肯定我的想法是完全正确的	我 肯定 我 的 想法 是 完全正确 的	我 肯 定 我 的 想 法 是 完 全 正 确 的
1120	1120	1122	表态#肯定	我肯定我的想法是对的	我 肯定 我 的 想法 是 对 的	我 肯 定 我 的 想 法 是 对 的
1121	1121	1123	表态#肯定	我肯定我的想法是绝对正确的	我 肯定 我 的 想法 是 绝对 正确 的	我 肯 定 我 的 想 法 是 绝 对 正 确 的
1122	1122	1124	表态#肯定	我肯定我的想法是肯定正确的	我 肯定 我 的 想法 是 肯定 正确 的	我 肯 定 我 的 想 法 是 肯 定 正 确 的
1123	1123	1125	表态#肯定	我肯定我的想法是非常正确的	我 肯定 我 的 想法 是 非常 正确 的	我 肯 定 我 的 想 法 是 非 常 正 确 的
1124	1124	1126	表态#肯定	我肯定我的观点是对的	我 肯定 我 的 观点 是 对 的	我 肯 定 我 的 观 点 是 对 的
1125	1125	1127	表态#肯定	我肯定我的论点是对的	我 肯定 我 的 论点 是 对 的	我 肯 定 我 的 论 点 是 对 的
1126	1126	1128	表态#肯定	我肯定这是对的	我 肯定 这 是 对 的	我 肯 定 这 是 对 的
1127	1127	1129	表态#肯定	我认为完全正确	我 认为 完全正确	我 认 为 完 全 正 确
1128	1128	1130	表态#肯定	我认为我一定对	我 认为 我 一定 对	我 认 为 我 一 定 对
1129	1129	1131	表态#肯定	我认为我一定正确	我 认为 我 一定 正确	我 认 为 我 一 定 正 确
1130	1130	1132	表态#肯定	我认为我是对的	我 认为 我 是 对 的	我 认 为 我 是 对 的
1131	1131	1133	表态#肯定	我认为我是正确的	我 认为 我 是 正确 的	我 认 为 我 是 正 确 的
1132	1132	1134	表态#肯定	我认为我的想法一定正确	我 认为 我 的 想法 一定 正确	我 认 为 我 的 想 法 一 定 正 确
1133	1133	1135	表态#肯定	我认为我的想法十分正确	我 认为 我 的 想法 十分 正确	我 认 为 我 的 想 法 十 分 正 确
1134	1134	1136	表态#肯定	我认为我的想法完全正确	我 认为 我 的 想法 完全正确	我 认 为 我 的 想 法 完 全 正 确
1135	1135	1137	表态#肯定	我认为我的想法是正确的	我 认为 我 的 想法 是 正确 的	我 认 为 我 的 想 法 是 正 确 的
1136	1136	1138	表态#肯定	我认为我的想法绝对正确	我 认为 我 的 想法 绝对 正确	我 认 为 我 的 想 法 绝 对 正 确
1137	1137	1139	表态#肯定	我认为我的想法肯定正确	我 认为 我 的 想法 肯定 正确	我 认 为 我 的 想 法 肯 定 正 确
1138	1138	1140	表态#肯定	我认为我的想法非常正确	我 认为 我 的 想法 非常 正确	我 认 为 我 的 想 法 非 常 正 确
1139	1139	1141	表态#肯定	我认为是对的	我 认为 是 对 的	我 认 为 是 对 的
1140	1140	1142	表态#肯定	我认为肯定是这样	我 认为 肯定 是 这样	我 认 为 肯 定 是 这 样
1141	1141	1143	表态#肯定	我认为肯定能行	我 认为 肯定 能 行	我 认 为 肯 定 能 行
1142	1142	1144	表态#肯定	我认为这是正确的	我 认为 这是 正确 的	我 认 为 这 是 正 确 的
1143	1143	1145	表态#肯定	我认同你	我 认同 你	我 认 同 你
1144	1144	1146	表态#肯定	是	是	是
1145	1145	1147	表态#肯定	是啊，我也这么认为	是 啊 ， 我 也 这么 认为	是 啊 ， 我 也 这 么 认 为
1146	1146	1148	表态#肯定	是啊，是啊	是 啊 ， 是 啊	是 啊 ， 是 啊
1147	1147	1149	表态#肯定	是的	是 的	是 的
1148	1148	1150	表态#肯定	是的啊	是 的 啊	是 的 啊
1149	1149	1151	表态#肯定	是的，这是一定正确的	是 的 ， 这是 一定 正确 的	是 的 ， 这 是 一 定 正 确 的
1150	1150	1152	表态#肯定	是的，这是十分正确的	是 的 ， 这是 十分 正确 的	是 的 ， 这 是 十 分 正 确 的
1151	1151	1153	表态#肯定	是的，这是完全正确的	是 的 ， 这是 完全正确 的	是 的 ， 这 是 完 全 正 确 的
1152	1152	1154	表态#肯定	是的，这是绝对正确的	是 的 ， 这是 绝对 正确 的	是 的 ， 这 是 绝 对 正 确 的
1153	1153	1155	表态#肯定	是的，这是肯定正确的	是 的 ， 这是 肯定 正确 的	是 的 ， 这 是 肯 定 正 确 的
1154	1154	1156	表态#肯定	是的，这是非常正确的	是 的 ， 这是 非常 正确 的	是 的 ， 这 是 非 常 正 确 的
1155	1155	1157	表态#肯定	是的，这样是正确的	是 的 ， 这样 是 正确 的	是 的 ， 这 样 是 正 确 的
1156	1156	1158	表态#肯定	正确	正确	正 确
1157	1157	1030	表态#肯定	没那么喜欢	没 那么 喜欢	没 那 么 喜 欢
1158	1158	1159	表态#肯定	没错	没错	没 错
1159	1159	1160	表态#肯定	没错，这是一定正确的	没错 ， 这是 一定 正确 的	没 错 ， 这 是 一 定 正 确 的
1160	1160	1161	表态#肯定	没错，这是十分正确的	没错 ， 这是 十分 正确 的	没 错 ， 这 是 十 分 正 确 的
1161	1161	1162	表态#肯定	没错，这是完全正确的	没错 ， 这是 完全正确 的	没 错 ， 这 是 完 全 正 确 的
1162	1162	1163	表态#肯定	没错，这是对的	没错 ， 这 是 对 的	没 错 ， 这 是 对 的
1163	1163	1164	表态#肯定	没错，这是绝对正确的	没错 ， 这是 绝对 正确 的	没 错 ， 这 是 绝 对 正 确 的
1164	1164	1165	表态#肯定	没错，这是肯定正确的	没错 ， 这是 肯定 正确 的	没 错 ， 这 是 肯 定 正 确 的
1165	1165	1166	表态#肯定	没错，这是非常正确的	没错 ， 这是 非常 正确 的	没 错 ， 这 是 非 常 正 确 的
1166	1166	1167	表态#肯定	没问题	没 问题	没 问 题
1167	1167	1168	表态#肯定	真的该这样	真的 该 这样	真 的 该 这 样
1168	1168	1169	表态#肯定	确定要	确定 要	确 定 要
1169	1169	1170	表态#肯定	肯定是啦	肯定 是 啦	肯 定 是 啦
1170	1170	1171	表态#肯定	能	能	能
1171	1171	1172	表态#肯定	行	行	行
1172	1172	1173	表态#肯定	要	要	要
1173	1173	1174	表态#肯定	还可以喔	还 可以 喔	还 可 以 喔
1174	1174	1175	表态#肯定	还好	还好	还 好
1175	1175	1176	表态#肯定	还行	还 行	还 行
1176	1176	1177	表态#肯定	这一定是完全正确的	这 一定 是 完全正确 的	这 一 定 是 完 全 正 确 的
1177	1177	1178	表态#肯定	这一定能行	这 一定 能 行	这 一 定 能 行
1178	1178	1179	表态#肯定	这不存在问题，这是一定正确的	这 不 存在 问题 ， 这是 一定 正确 的	这 不 存 在 问 题 ， 这 是 一 定 正 确 的
1179	1179	1180	表态#肯定	这不存在问题，这是十分正确的	这 不 存在 问题 ， 这是 十分 正确 的	这 不 存 在 问 题 ， 这 是 十 分 正 确 的
1180	1180	1181	表态#肯定	这不存在问题，这是完全正确的	这 不 存在 问题 ， 这是 完全正确 的	这 不 存 在 问 题 ， 这 是 完 全 正 确 的
1181	1181	1182	表态#肯定	这不存在问题，这是绝对正确的	这 不 存在 问题 ， 这是 绝对 正确 的	这 不 存 在 问 题 ， 这 是 绝 对 正 确 的
1182	1182	1183	表态#肯定	这不存在问题，这是肯定正确的	这 不 存在 问题 ， 这是 肯定 正确 的	这 不 存 在 问 题 ， 这 是 肯 定 正 确 的
1183	1183	1184	表态#肯定	这不存在问题，这是非常正确的	这 不 存在 问题 ， 这是 非常 正确 的	这 不 存 在 问 题 ， 这 是 非 常 正 确 的
1184	1184	1185	表态#肯定	这完全没有异义	这 完全 没有 异义	这 完 全 没 有 异 义
1185	1185	1186	表态#肯定	这完全能行	这 完全 能 行	这 完 全 能 行
1186	1186	1187	表态#肯定	这当然是对的啊	这 当然 是 对 的 啊	这 当 然 是 对 的 啊
1187	1187	1188	表态#肯定	这当然是正确的啊	这 当然 是 正确 的 啊	这 当 然 是 正 确 的 啊
1188	1188	1189	表态#肯定	这手机挺好看的	这 手机 挺 好看 的	这 手 机 挺 好 看 的
1189	1189	1190	表态#肯定	这手机挺漂亮的	这 手机 挺 漂亮 的	这 手 机 挺 漂 亮 的
1190	1190	1191	表态#肯定	这是绝对正确的	这是 绝对 正确 的	这 是 绝 对 正 确 的
1191	1191	1192	表态#肯定	这显然是对的啊	这 显然 是 对 的 啊	这 显 然 是 对 的 啊
1192	1192	1193	表态#肯定	这显然是正确的啊	这 显然 是 正确 的 啊	这 显 然 是 正 确 的 啊
1193	1193	1194	表态#肯定	这样挺好的	这样 挺 好 的	这 样 挺 好 的
1194	1194	1195	表态#肯定	这样是正确的	这样 是 正确 的	这 样 是 正 确 的
1195	1195	1196	表态#肯定	这肯定能行	这 肯定 能 行	这 肯 定 能 行
1196	1196	1197	表态#肯定	这能行	这能行	这 能 行
1197	1197	1198	表态#肯定	﻿这一定是对的	﻿ 这 一定 是 对 的	﻿ 这 一 定 是 对 的
1198	1198	1199	表态#附和	呵呵	呵呵	呵 呵
1199	1199	1200	表态#附和	哈哈哈	哈哈哈	哈 哈 哈
1200	1200	1201	表态#附和	哈哈哈哈	哈哈哈哈	哈 哈 哈 哈
1201	1201	1202	表态#附和	哈哈，你太帅了吧	哈哈 ， 你 太帅 了 吧	哈 哈 ， 你 太 帅 了 吧
1202	1202	1203	表态#附和	哈哈，好好笑啊	哈哈 ， 好好笑 啊	哈 哈 ， 好 好 笑 啊
1203	1203	1204	表态#附和	哈哈，我是在逗你玩的	哈哈 ， 我 是 在 逗你玩 的	哈 哈 ， 我 是 在 逗 你 玩 的
1204	1204	1205	表态#附和	哦，原来如此	哦 ， 原来如此	哦 ， 原 来 如 此
1205	1205	1206	表态#附和	喵	喵	喵
1206	1206	1207	表态#附和	是这样的吧	是 这样 的 吧	是 这 样 的 吧
1207	1207	1208	表态#附和	汪	汪	汪
1208	1208	1209	表态#附和	额	额	额
1209	1209	1210	表态#随便	你说是就是咯	你 说 是 就是 咯	你 说 是 就 是 咯
1210	1210	1211	表态#随便	无所谓	无所谓	无 所 谓
1211	1211	1212	表态#随便	没有什么要求	没有 什么 要求	没 有 什 么 要 求
1212	1212	1213	表态#随便	没有要求	没有 要求	没 有 要 求
1213	1213	1214	表态#随便	没要求	没 要求	没 要 求
1214	1214	1215	表态#随便	这个无所谓	这个 无所谓	这 个 无 所 谓
1215	1215	1216	表态#随便	都可以	都 可以	都 可 以
1216	1216	1217	表态#随便	都行	都行	都 行
1217	1217	1218	表态#随便	随便啦	随便 啦	随 便 啦
1218	1218	1219	闲聊#天气	4号那天好像会刮台风	4 号 那天 好像 会 刮 台风	4 号 那 天 好 像 会 刮 台 风
1219	1219	1220	闲聊#天气	一场台风把这里的雾霾刮走了	一场 台风 把 这里 的 雾 霾 刮走 了	一 场 台 风 把 这 里 的 雾 霾 刮 走 了
1220	1220	1221	闲聊#天气	一看到浓密的乌云就知道一场暴雨快来了	一 看到 浓密 的 乌云 就 知道 一场 暴雨 快来 了	一 看 到 浓 密 的 乌 云 就 知 道 一 场 暴 雨 快 来 了
1221	1221	1222	闲聊#天气	下个月冬天来了就开始下雪了	下个月 冬天 来 了 就 开始 下雪 了	下 个 月 冬 天 来 了 就 开 始 下 雪 了
1222	1222	1223	闲聊#天气	下个月天气就开始变得干燥起来了	下个月 天气 就 开始 变得 干燥 起来 了	下 个 月 天 气 就 开 始 变 得 干 燥 起 来 了
1223	1223	1224	闲聊#天气	下雨了啊	下雨 了 啊	下 雨 了 啊
1224	1224	1225	闲聊#天气	不过这里的雾霾天气越来越严重了	不过 这里 的 雾 霾 天气 越来越 严重 了	不 过 这 里 的 雾 霾 天 气 越 来 越 严 重 了
1225	1225	1226	闲聊#天气	中到大雪、	中到大雪 、	中 到 大 雪 、
1226	1226	1227	闲聊#天气	今天下了一天的雨了	今天 下 了 一天 的 雨 了	今 天 下 了 一 天 的 雨 了
1227	1227	1228	闲聊#天气	今天又是阴天	今天 又 是 阴天	今 天 又 是 阴 天
1228	1228	1229	闲聊#天气	今天天气不错嘛	今天天气 不错 嘛	今 天 天 气 不 错 嘛
1229	1229	1230	闲聊#天气	今天天气好不好	今天天气 好不好	今 天 天 气 好 不 好
1230	1230	1231	闲聊#天气	今天天气怎么样	今天天气 怎么样	今 天 天 气 怎 么 样
1231	1231	1232	闲聊#天气	今天天气真的很好	今天天气 真的 很 好	今 天 天 气 真 的 很 好
1232	1232	1233	闲聊#天气	今天很晒啊	今天 很 晒 啊	今 天 很 晒 啊
1233	1233	1234	闲聊#天气	今天早上刮了好大的雾	今天 早上 刮 了 好 大 的 雾	今 天 早 上 刮 了 好 大 的 雾
1234	1234	1235	闲聊#天气	今天早上居然下雪了	今天 早上 居然 下雪 了	今 天 早 上 居 然 下 雪 了
1235	1235	1236	闲聊#天气	今天的天气一般	今天 的 天气 一般	今 天 的 天 气 一 般
1236	1236	1237	闲聊#天气	今天的天气好闷热	今天 的 天气 好 闷热	今 天 的 天 气 好 闷 热
1237	1237	1238	闲聊#天气	今天的太阳挺烈的	今天 的 太阳 挺烈 的	今 天 的 太 阳 挺 烈 的
1238	1238	1239	闲聊#天气	今年和往年一样又刮起了严重的雾霾	今年 和 往年 一样 又 刮起 了 严重 的 雾 霾	今 年 和 往 年 一 样 又 刮 起 了 严 重 的 雾 霾
1239	1239	1240	闲聊#天气	冷空气给这个地方带来了一场大雨	冷空气 给 这个 地方 带来 了 一场 大雨	冷 空 气 给 这 个 地 方 带 来 了 一 场 大 雨
1240	1240	1241	闲聊#天气	冷空气还有两天到达	冷空气 还有 两天 到达	冷 空 气 还 有 两 天 到 达
1241	1241	1242	闲聊#天气	别忘了带伞	别忘了 带伞	别 忘 了 带 伞
1242	1242	1243	闲聊#天气	去年的国庆节下好大的雪	去年 的 国庆节 下好 大 的 雪	去 年 的 国 庆 节 下 好 大 的 雪
1243	1243	1244	闲聊#天气	听说冷空气南下了	听说 冷空气 南下 了	听 说 冷 空 气 南 下 了
1244	1244	1245	闲聊#天气	听说台风快到这边了	听说 台风 快到 这边 了	听 说 台 风 快 到 这 边 了
1245	1245	1246	闲聊#天气	听说明天会下雨	听说 明天 会 下雨	听 说 明 天 会 下 雨
1246	1246	1247	闲聊#天气	夏天，雷雨到来之前，在天空先会看到积云	夏天 ， 雷雨 到来 之前 ， 在 天空 先 会 看到 积云	夏 天 ， 雷 雨 到 来 之 前 ， 在 天 空 先 会 看 到 积 云
1247	1247	1248	闲聊#天气	多云、	多云 、	多 云 、
1248	1248	1249	闲聊#天气	大到暴雪	大到 暴雪	大 到 暴 雪
1249	1249	1250	闲聊#天气	大暴雨到特大暴雨、	大暴雨 到 特 大暴雨 、	大 暴 雨 到 特 大 暴 雨 、
1250	1250	1251	闲聊#天气	天气不错，适宜晾晒衣物	天气 不错 ， 适宜 晾晒 衣物	天 气 不 错 ， 适 宜 晾 晒 衣 物
1251	1251	1252	闲聊#天气	天气怎么样	天气 怎么样	天 气 怎 么 样
1252	1252	1253	闲聊#天气	天气慢慢变冷了	天气 慢慢 变冷 了	天 气 慢 慢 变 冷 了
1253	1253	1254	闲聊#天气	天气渐渐回暖了	天气 渐渐 回暖 了	天 气 渐 渐 回 暖 了
1254	1254	1255	闲聊#天气	天气温度持续高涨	天气 温度 持续 高涨	天 气 温 度 持 续 高 涨
1255	1255	1256	闲聊#天气	天气炎热	天气炎热	天 气 炎 热
1256	1256	1257	闲聊#天气	天气预报	天气预报	天 气 预 报
1257	1257	1258	闲聊#天气	天气预报说今天是晴天然而并不是	天气预报 说 今天 是 晴天 然而 并 不是	天 气 预 报 说 今 天 是 晴 天 然 而 并 不 是
1258	1258	1259	闲聊#天气	天气预报说后天气温会降到零度以下	天气预报 说 后天 气温 会 降到 零度以下	天 气 预 报 说 后 天 气 温 会 降 到 零 度 以 下
1259	1259	1260	闲聊#天气	天气预报说接下来的一个星期里天气怎么样？	天气预报 说 接下来 的 一个 星期 里 天气 怎么样 ？	天 气 预 报 说 接 下 来 的 一 个 星 期 里 天 气 怎 么 样 ？
1260	1260	1261	闲聊#天气	好冷	好 冷	好 冷
1261	1261	1262	闲聊#天气	好热	好 热	好 热
1262	1262	1263	闲聊#天气	寒冷的天气让人不想出门	寒冷 的 天气 让 人 不想 出门	寒 冷 的 天 气 让 人 不 想 出 门
1263	1263	1264	闲聊#天气	小到中雪、	小到中雪 、	小 到 中 雪 、
1264	1264	1265	闲聊#天气	小雨、中雨、大雨、暴雨、大暴雨、特大暴雨	小雨 、 中雨 、 大雨 、 暴雨 、 大暴雨 、 特 大暴雨	小 雨 、 中 雨 、 大 雨 、 暴 雨 、 大 暴 雨 、 特 大 暴 雨
1265	1265	1266	闲聊#天气	强降雨逐渐南压	强降雨 逐渐 南压	强 降 雨 逐 渐 南 压
1266	1266	1267	闲聊#天气	往年三月份这里都会有回南天	往年 三月份 这里 都 会 有 回南天	往 年 三 月 份 这 里 都 会 有 回 南 天
1267	1267	1268	闲聊#天气	微风	微风	微 风
1268	1268	1269	闲聊#天气	快下雨了	快 下雨 了	快 下 雨 了
1269	1269	1270	闲聊#天气	我不喜欢在这种恶劣的天气下旅行	我 不 喜欢 在 这种 恶劣 的 天气 下 旅行	我 不 喜 欢 在 这 种 恶 劣 的 天 气 下 旅 行
1270	1270	1271	闲聊#天气	我很喜欢这种凉飕飕的天气	我 很 喜欢 这种 凉飕飕 的 天气	我 很 喜 欢 这 种 凉 飕 飕 的 天 气
1271	1271	1272	闲聊#天气	持续暴雨	持续 暴雨	持 续 暴 雨
1272	1272	1273	闲聊#天气	持续的雷暴雨让人觉得很不舒服	持续 的 雷暴雨 让 人 觉得 很 不 舒服	持 续 的 雷 暴 雨 让 人 觉 得 很 不 舒 服
1273	1273	1274	闲聊#天气	接下来的几个星期里平均空气湿度将会达到全年最高	接下来 的 几个 星期 里 平均 空气 湿度 将会 达到 全年 最高	接 下 来 的 几 个 星 期 里 平 均 空 气 湿 度 将 会 达 到 全 年 最 高
1274	1274	1275	闲聊#天气	早上一起来路上全都是雪	早上 一 起来 路上 全都 是 雪	早 上 一 起 来 路 上 全 都 是 雪
1275	1275	1276	闲聊#天气	明天又将是晴空万里的一天	明天 又 将 是 晴空万里 的 一天	明 天 又 将 是 晴 空 万 里 的 一 天
1276	1276	1277	闲聊#天气	明天天气好不好	明天 天气 好不好	明 天 天 气 好 不 好
1277	1277	1278	闲聊#天气	明天天气好像很好	明天 天气 好像 很 好	明 天 天 气 好 像 很 好
1278	1278	1279	闲聊#天气	明天天气如何	明天 天气 如何	明 天 天 气 如 何
1279	1279	1280	闲聊#天气	明天天气怎么样	明天 天气 怎么样	明 天 天 气 怎 么 样
1280	1280	1281	闲聊#天气	明天开始就降温了	明天 开始 就 降温 了	明 天 开 始 就 降 温 了
1281	1281	1282	闲聊#天气	昨天下了一场滂沱大雨	昨天 下 了 一场 滂沱大雨	昨 天 下 了 一 场 滂 沱 大 雨
1282	1282	1283	闲聊#天气	昨天下了好大的暴雨	昨天 下 了 好 大 的 暴雨	昨 天 下 了 好 大 的 暴 雨
1283	1283	1284	闲聊#天气	昨天就下了一会儿的雨	昨天 就 下 了 一会儿 的 雨	昨 天 就 下 了 一 会 儿 的 雨
1284	1284	1285	闲聊#天气	昨天晚上下了好大的雪	昨天晚上 下 了 好 大 的 雪	昨 天 晚 上 下 了 好 大 的 雪
1285	1285	1286	闲聊#天气	昨晚好像下大暴雨	昨晚 好像 下 大暴雨	昨 晚 好 像 下 大 暴 雨
1286	1286	1287	闲聊#天气	晴、	晴 、	晴 、
1287	1287	1288	闲聊#天气	暴雨到大暴雨、	暴雨 到 大暴雨 、	暴 雨 到 大 暴 雨 、
1288	1288	1289	闲聊#天气	最近天气有点反复无常	最近 天气 有点 反复无常	最 近 天 气 有 点 反 复 无 常
1289	1289	1290	闲聊#天气	最近的天气好潮湿	最近 的 天气 好 潮湿	最 近 的 天 气 好 潮 湿
1290	1290	1291	闲聊#天气	最近的天气挺好的	最近 的 天气 挺 好 的	最 近 的 天 气 挺 好 的
1291	1291	1292	闲聊#天气	最近这几天的天气真是坏得不行	最近 这 几天 的 天气 真是 坏得 不行	最 近 这 几 天 的 天 气 真 是 坏 得 不 行
1292	1292	1293	闲聊#天气	最近这几天都是阴天	最近 这 几天 都 是 阴天	最 近 这 几 天 都 是 阴 天
1293	1293	1294	闲聊#天气	最近都是一会儿晴一会儿阴	最近 都 是 一会儿 晴 一会儿 阴	最 近 都 是 一 会 儿 晴 一 会 儿 阴
1294	1294	1295	闲聊#天气	最近风有点大	最近 风 有点 大	最 近 风 有 点 大
1295	1295	1296	闲聊#天气	未来三天，长江中下游地区将有中到大雨	未来 三天 ， 长江中下游地区 将 有 中到大雨	未 来 三 天 ， 长 江 中 下 游 地 区 将 有 中 到 大 雨
1296	1296	1297	闲聊#天气	每年的清明节我家乡都会下绵绵细雨	每年 的 清明节 我 家乡 都 会 下 绵绵细雨	每 年 的 清 明 节 我 家 乡 都 会 下 绵 绵 细 雨
1297	1297	1298	闲聊#天气	气象台发布了暴雨预警	气象台 发布 了 暴雨 预警	气 象 台 发 布 了 暴 雨 预 警
1298	1298	1299	闲聊#天气	浮尘、扬沙、沙尘暴、强沙尘暴、特强沙尘暴	浮尘 、 扬沙 、 沙尘暴 、 强 沙尘暴 、 特强 沙尘暴	浮 尘 、 扬 沙 、 沙 尘 暴 、 强 沙 尘 暴 、 特 强 沙 尘 暴
1299	1299	1300	闲聊#天气	由于雾霾我们周末只能待在家里	由于 雾 霾 我们 周末 只能 待在家里	由 于 雾 霾 我 们 周 末 只 能 待 在 家 里
1300	1300	1301	闲聊#天气	秋高日爽的天气让人心旷神怡	秋高 日爽 的 天气 让 人 心旷神怡	秋 高 日 爽 的 天 气 让 人 心 旷 神 怡
1301	1301	1302	闲聊#天气	空气质量令人满意，基本无空气污染	空气质量 令人满意 ， 基本 无 空气污染	空 气 质 量 令 人 满 意 ， 基 本 无 空 气 污 染
1302	1302	1303	闲聊#天气	老子热死了	老子 热死 了	老 子 热 死 了
1303	1303	1304	闲聊#天气	轻雾，浓雾，强浓雾，轻微霾，轻度霾，中度霾，重度霾，特强霾，霰，飑线	轻雾 ， 浓雾 ， 强 浓雾 ， 轻微 霾 ， 轻度 霾 ， 中度 霾 ， 重度 霾 ， 特强 霾 ， 霰 ， 飑 线	轻 雾 ， 浓 雾 ， 强 浓 雾 ， 轻 微 霾 ， 轻 度 霾 ， 中 度 霾 ， 重 度 霾 ， 特 强 霾 ， 霰 ， 飑 线
1304	1304	1305	闲聊#天气	这个台风还有2个小时就到达	这个 台风 还有 2 个 小时 就 到达	这 个 台 风 还 有 2 个 小 时 就 到 达
1305	1305	1306	闲聊#天气	这个周末台风就到了	这个 周末 台风 就 到 了	这 个 周 末 台 风 就 到 了
1306	1306	1307	闲聊#天气	这个地方一年里有一半的时间都在下雨	这个 地方 一年 里 有 一半 的 时间 都 在 下雨	这 个 地 方 一 年 里 有 一 半 的 时 间 都 在 下 雨
1307	1307	1308	闲聊#天气	这个地方好多年没有下过雪了	这个 地方 好多年 没有 下过 雪 了	这 个 地 方 好 多 年 没 有 下 过 雪 了
1308	1308	1309	闲聊#天气	这个月刮了3次台风	这个 月 刮 了 3 次 台风	这 个 月 刮 了 3 次 台 风
1309	1309	1310	闲聊#天气	这么大的雾很影响人们的出行	这么 大 的 雾 很 影响 人们 的 出行	这 么 大 的 雾 很 影 响 人 们 的 出 行
1310	1310	1311	闲聊#天气	这么浓的雾我还是第一次见	这么 浓 的 雾 我 还是 第一次 见	这 么 浓 的 雾 我 还 是 第 一 次 见
1311	1311	1312	闲聊#天气	这几天天气真的好冷	这 几天 天气 真的 好 冷	这 几 天 天 气 真 的 好 冷
1312	1312	1313	闲聊#天气	这几天好热	这 几天 好 热	这 几 天 好 热
1313	1313	1314	闲聊#天气	这几天气温好高啊	这 几天 气温 好 高 啊	这 几 天 气 温 好 高 啊
1314	1314	1315	闲聊#天气	这几天温度居然高达40度	这 几天 温度 居然 高达 40 度	这 几 天 温 度 居 然 高 达 4 0 度
1315	1315	1316	闲聊#天气	这几天都是阴天	这 几天 都 是 阴天	这 几 天 都 是 阴 天
1316	1316	1317	闲聊#天气	这场雨持续了整整一个星期	这场 雨 持续 了 整整 一个 星期	这 场 雨 持 续 了 整 整 一 个 星 期
1317	1317	1318	闲聊#天气	这场雪下了整整一天	这场 雪下 了 整整 一天	这 场 雪 下 了 整 整 一 天
1318	1318	1319	闲聊#天气	这样的雾霾天气让人们觉得非常难受	这样 的 雾 霾 天气 让 人们 觉得 非常 难受	这 样 的 雾 霾 天 气 让 人 们 觉 得 非 常 难 受
1319	1319	1320	闲聊#天气	这种回南天真让人受不了	这种 回南 天真 让 人 受不了	这 种 回 南 天 真 让 人 受 不 了
1320	1320	1321	闲聊#天气	这种天气很舒服	这种 天气 很 舒服	这 种 天 气 很 舒 服
1321	1321	1322	闲聊#天气	这种天气最适合人们出游	这种 天气 最 适合 人们 出游	这 种 天 气 最 适 合 人 们 出 游
1322	1322	1323	闲聊#天气	这里好久没有下过雨了	这里 好久 没有 下过 雨 了	这 里 好 久 没 有 下 过 雨 了
1323	1323	1324	闲聊#天气	这里的全年平均气温居世界第一高	这里 的 全年 平均气温 居 世界 第一 高	这 里 的 全 年 平 均 气 温 居 世 界 第 一 高
1324	1324	1325	闲聊#天气	阴	阴	阴
1325	1325	1326	闲聊#天气	阴天	阴天	阴 天
1326	1326	1327	闲聊#天气	阵雨	阵雨	阵 雨
1327	1327	1328	闲聊#天气	阵雪、小雪、中雪、大雪、暴雪、	阵雪 、 小雪 、 中 雪 、 大雪 、 暴雪 、	阵 雪 、 小 雪 、 中 雪 、 大 雪 、 暴 雪 、
1328	1328	1329	闲聊#天气	雨势明显增强	雨势 明显增强	雨 势 明 显 增 强
1329	1329	1330	闲聊#天气	雨夹雪、	雨夹雪 、	雨 夹 雪 、
1330	1330	1331	闲聊#天气	雷阵雨、	雷阵雨 、	雷 阵 雨 、
1331	1331	1332	闲聊#天气	雷阵雨伴有冰雹、	雷阵雨 伴有 冰雹 、	雷 阵 雨 伴 有 冰 雹 、
1332	1332	1333	闲聊#天气	雷阵雨转多云	雷阵雨 转 多云	雷 阵 雨 转 多 云
1333	1333	1334	闲聊#天气	雾、冻雨、沙尘暴、小到中雨、中到大雨、大到暴雨	雾 、 冻雨 、 沙尘暴 、 小到中雨 、 中到大雨 、 大到暴雨	雾 、 冻 雨 、 沙 尘 暴 、 小 到 中 雨 、 中 到 大 雨 、 大 到 暴 雨
1334	1334	1335	闲聊#天气	面对火辣辣的太阳，你真的懂如何防晒吗	面对 火辣辣 的 太阳 ， 你 真的 懂 如何 防晒 吗	面 对 火 辣 辣 的 太 阳 ， 你 真 的 懂 如 何 防 晒 吗
1335	1335	1336	闲聊#天气	﻿天气好吗	﻿ 天气 好 吗	﻿ 天 气 好 吗
1336	1336	1337	闲聊#时间	19点30分	19 点 30 分	1 9 点 3 0 分
1337	1337	1338	闲聊#时间	1个小时有60分钟	1 个 小时 有 60 分钟	1 个 小 时 有 6 0 分 钟
1338	1338	1339	闲聊#时间	1分钟有60秒	1 分钟 有 60 秒	1 分 钟 有 6 0 秒
1339	1339	1340	闲聊#时间	2000年不是闰年	2000 年 不是 闰年	2 0 0 0 年 不 是 闰 年
1340	1340	1341	闲聊#时间	23点59分59秒	23 点 59 分 59 秒	2 3 点 5 9 分 5 9 秒
1341	1341	1342	闲聊#时间	24个小时	24 个 小时	2 4 个 小 时
1342	1342	1343	闲聊#时间	3点钟	3 点钟	3 点 钟
1343	1343	1344	闲聊#时间	一分钟有多少秒	一分钟 有 多少 秒	一 分 钟 有 多 少 秒
1344	1344	1345	闲聊#时间	一天	一天	一 天
1345	1345	1346	闲聊#时间	一天有多长	一天 有 多长	一 天 有 多 长
1346	1346	1347	闲聊#时间	下午两点半	下午 两点 半	下 午 两 点 半
1347	1347	1348	闲聊#时间	不知道现在几点	不 知道 现在 几点	不 知 道 现 在 几 点
1348	1348	1349	闲聊#时间	两个小时后过来	两个 小时 后 过来	两 个 小 时 后 过 来
1349	1349	1350	闲聊#时间	两分钟	两分钟	两 分 钟
1350	1350	1351	闲聊#时间	中午什么时候	中午 什么 时候	中 午 什 么 时 候
1351	1351	1352	闲聊#时间	中午就可以	中午 就 可以	中 午 就 可 以
1352	1352	1353	闲聊#时间	什么时候	什么 时候	什 么 时 候
1353	1353	1354	闲聊#时间	今天多少号	今天 多少 号	今 天 多 少 号
1354	1354	1355	闲聊#时间	今天多少号来着	今天 多少 号 来 着	今 天 多 少 号 来 着
1355	1355	1356	闲聊#时间	今天星期几来着	今天 星期 几来 着	今 天 星 期 几 来 着
1356	1356	1357	闲聊#时间	今天是星期二吗	今天 是 星期二 吗	今 天 是 星 期 二 吗
1357	1357	1358	闲聊#时间	今天是星期几	今天 是 星期 几	今 天 是 星 期 几
1358	1358	1359	闲聊#时间	今天离5月1日还有多少天	今天 离 5 月 1 日 还有 多少 天	今 天 离 5 月 1 日 还 有 多 少 天
1359	1359	1360	闲聊#时间	今天离下周末还有多少天	今天 离下 周末 还有 多少 天	今 天 离 下 周 末 还 有 多 少 天
1360	1360	1361	闲聊#时间	今天离放暑假还有多少天	今天 离 放暑假 还有 多少 天	今 天 离 放 暑 假 还 有 多 少 天
1361	1361	1362	闲聊#时间	今年是闰年	今年 是 闰年	今 年 是 闰 年
1362	1362	1363	闲聊#时间	今年的2月没有第29天	今年 的 2 月 没有 第 29 天	今 年 的 2 月 没 有 第 2 9 天
1363	1363	1364	闲聊#时间	今年的国庆节是周末吗	今年 的 国庆节 是 周末 吗	今 年 的 国 庆 节 是 周 末 吗
1364	1364	1365	闲聊#时间	今年的清明节是几号	今年 的 清明节 是 几号	今 年 的 清 明 节 是 几 号
1365	1365	1366	闲聊#时间	你什么时候才可以	你 什么 时候 才 可以	你 什 么 时 候 才 可 以
1366	1366	1367	闲聊#时间	你懂得什么叫时间吗	你 懂得 什么 叫 时间 吗	你 懂 得 什 么 叫 时 间 吗
1367	1367	1368	闲聊#时间	你知不知道什么叫时间	你 知不知道 什么 叫 时间	你 知 不 知 道 什 么 叫 时 间
1368	1368	1369	闲聊#时间	你知不知道现在几点了	你 知不知道 现在 几点 了	你 知 不 知 道 现 在 几 点 了
1369	1369	1370	闲聊#时间	你知道一个小时有多少分钟吗	你 知道 一个 小时 有 多少 分钟 吗	你 知 道 一 个 小 时 有 多 少 分 钟 吗
1370	1370	1371	闲聊#时间	你知道一个小时有多少秒吗	你 知道 一个 小时 有 多少 秒 吗	你 知 道 一 个 小 时 有 多 少 秒 吗
1371	1371	1372	闲聊#时间	你知道现在是什么时候吗	你 知道 现在 是 什么 时候 吗	你 知 道 现 在 是 什 么 时 候 吗
1372	1372	1373	闲聊#时间	你知道现在是几点吗	你 知道 现在 是 几点 吗	你 知 道 现 在 是 几 点 吗
1373	1373	1374	闲聊#时间	凌晨几点	凌晨 几点	凌 晨 几 点
1374	1374	1375	闲聊#时间	几点现在	几点 现在	几 点 现 在
1375	1375	1376	闲聊#时间	去年的重阳节是多少号	去年 的 重阳节 是 多少 号	去 年 的 重 阳 节 是 多 少 号
1376	1376	1377	闲聊#时间	后天才是1号	后 天才 是 1 号	后 天 才 是 1 号
1377	1377	1378	闲聊#时间	周末就快来了	周末 就 快 来 了	周 末 就 快 来 了
1378	1378	1379	闲聊#时间	多少分钟	多少 分钟	多 少 分 钟
1379	1379	1380	闲聊#时间	大概什么时候	大概 什么 时候	大 概 什 么 时 候
1380	1380	1381	闲聊#时间	大概几点	大概 几点	大 概 几 点
1381	1381	1382	闲聊#时间	大概多少秒	大概 多少 秒	大 概 多 少 秒
1382	1382	1383	闲聊#时间	大概还有几天	大概 还有 几天	大 概 还 有 几 天
1383	1383	1384	闲聊#时间	大概还有半分钟	大概 还有 半分钟	大 概 还 有 半 分 钟
1384	1384	1385	闲聊#时间	我想问一下现在的准确时间是多少	我 想 问 一下 现在 的 准确 时间 是 多少	我 想 问 一 下 现 在 的 准 确 时 间 是 多 少
1385	1385	1386	闲聊#时间	早上7点	早上 7 点	早 上 7 点
1386	1386	1387	闲聊#时间	明天几点	明天 几点	明 天 几 点
1387	1387	1388	闲聊#时间	明天是几号	明天 是 几号	明 天 是 几 号
1388	1388	1389	闲聊#时间	明天是多少号	明天 是 多少 号	明 天 是 多 少 号
1389	1389	1390	闲聊#时间	明天是星期六了吗	明天 是 星期六 了 吗	明 天 是 星 期 六 了 吗
1390	1390	1391	闲聊#时间	明天是星期几	明天 是 星期 几	明 天 是 星 期 几
1391	1391	1392	闲聊#时间	明天是星期天	明天 是 星期天	明 天 是 星 期 天
1392	1392	1393	闲聊#时间	明年不是平年	明年 不是 平 年	明 年 不 是 平 年
1393	1393	1394	闲聊#时间	明年的五一劳动节是不是在星期三那天	明年 的 五一劳动节 是不是 在 星期三 那天	明 年 的 五 一 劳 动 节 是 不 是 在 星 期 三 那 天
1394	1394	1395	闲聊#时间	晚上九点半	晚上 九点半	晚 上 九 点 半
1395	1395	1396	闲聊#时间	晚上吗	晚上 吗	晚 上 吗
1396	1396	1397	闲聊#时间	现在时间是多少	现在 时间 是 多少	现 在 时 间 是 多 少
1397	1397	1398	闲聊#时间	现在是什么时候	现在 是 什么 时候	现 在 是 什 么 时 候
1398	1398	1399	闲聊#时间	现在是什么时间	现在 是 什么 时间	现 在 是 什 么 时 间
1399	1399	1400	闲聊#时间	请问现在几点了	请问 现在 几点 了	请 问 现 在 几 点 了
1400	1400	1401	闲聊#时间	距离周末还有两天时间	距离 周末 还有 两天 时间	距 离 周 末 还 有 两 天 时 间
1401	1401	1402	闲聊#时间	过几个星期吧	过 几个 星期 吧	过 几 个 星 期 吧
1402	1402	1403	闲聊#时间	还剩下多少分钟	还 剩下 多少 分钟	还 剩 下 多 少 分 钟
1403	1403	1404	闲聊#时间	还剩下多少时间	还 剩下 多少 时间	还 剩 下 多 少 时 间
1404	1404	1405	闲聊#时间	还有几个小时到中午	还有 几个 小时 到 中午	还 有 几 个 小 时 到 中 午
1405	1405	1406	闲聊#时间	还有多少个小时	还有 多少 个 小时	还 有 多 少 个 小 时
1406	1406	1407	闲聊#时间	还有多少个小时到中午	还有 多少 个 小时 到 中午	还 有 多 少 个 小 时 到 中 午
1407	1407	1408	闲聊#时间	还有多少分钟	还有 多少 分钟	还 有 多 少 分 钟
1408	1408	1409	闲聊#时间	还有多少秒	还有 多少 秒	还 有 多 少 秒
1409	1409	1410	闲聊#时间	这个月有31号	这个 月 有 31 号	这 个 月 有 3 1 号
1410	1410	1411	闲聊#时间	﻿现在是几点啊	﻿ 现在 是 几点 啊	﻿ 现 在 是 几 点 啊
1411	1411	1412	闲聊#身份信息	今天充电了么机器人	今天 充电 了 么 机器人	今 天 充 电 了 么 机 器 人
1412	1412	1413	闲聊#身份信息	今年你多少岁了	今年 你 多少岁 了	今 年 你 多 少 岁 了
1413	1413	1414	闲聊#身份信息	你二十四小时在线吗	你 二十四 小时 在线 吗	你 二 十 四 小 时 在 线 吗
1414	1414	1415	闲聊#身份信息	你会不会生锈	你 会 不会 生锈	你 会 不 会 生 锈
1415	1415	1416	闲聊#身份信息	你会不会讲故事啊	你 会 不会 讲故事 啊	你 会 不 会 讲 故 事 啊
1416	1416	1417	闲聊#身份信息	你会做算术吗	你 会 做 算术 吗	你 会 做 算 术 吗
1417	1417	1418	闲聊#身份信息	你会唱歌跳舞吗	你 会 唱歌跳舞 吗	你 会 唱 歌 跳 舞 吗
1418	1418	1419	闲聊#身份信息	你会帮我做作业吗	你 会 帮 我 做作业 吗	你 会 帮 我 做 作 业 吗
1419	1419	1420	闲聊#身份信息	你会干什么	你 会 干什么	你 会 干 什 么
1420	1420	1421	闲聊#身份信息	你会攻击人类吗	你 会 攻击 人类 吗	你 会 攻 击 人 类 吗
1421	1421	1422	闲聊#身份信息	你会独立思考吗	你 会 独立思考 吗	你 会 独 立 思 考 吗
1422	1422	1423	闲聊#身份信息	你会背诗吗	你 会 背 诗 吗	你 会 背 诗 吗
1423	1423	1424	闲聊#身份信息	你会讲故事吗	你 会 讲故事 吗	你 会 讲 故 事 吗
1424	1424	1425	闲聊#身份信息	你会说什么话	你 会 说 什么 话	你 会 说 什 么 话
1425	1425	1426	闲聊#身份信息	你几岁啦	你 几岁 啦	你 几 岁 啦
1426	1426	1427	闲聊#身份信息	你单身吗	你 单身 吗	你 单 身 吗
1427	1427	1428	闲聊#身份信息	你叫什么	你 叫 什么	你 叫 什 么
1428	1428	1429	闲聊#身份信息	你叫什么名字	你 叫 什么 名字	你 叫 什 么 名 字
1429	1429	1430	闲聊#身份信息	你叫什么名字呀	你 叫 什么 名字 呀	你 叫 什 么 名 字 呀
1430	1430	1431	闲聊#身份信息	你可以像人一样走路吗	你 可以 像 人 一样 走路 吗	你 可 以 像 人 一 样 走 路 吗
1431	1431	1432	闲聊#身份信息	你可以帮人类做家务吗	你 可以 帮 人类 做 家务 吗	你 可 以 帮 人 类 做 家 务 吗
1432	1432	1433	闲聊#身份信息	你可以帮我倒杯水吗	你 可以 帮 我 倒杯水 吗	你 可 以 帮 我 倒 杯 水 吗
1433	1433	1434	闲聊#身份信息	你妈妈是谁	你 妈妈 是 谁	你 妈 妈 是 谁
1434	1434	1435	闲聊#身份信息	你姓什么	你 姓 什么	你 姓 什 么
1435	1435	1436	闲聊#身份信息	你姓什么哦	你 姓 什么 哦	你 姓 什 么 哦
1436	1436	1437	闲聊#身份信息	你姓什么啊	你 姓 什么 啊	你 姓 什 么 啊
1437	1437	1438	闲聊#身份信息	你姓什么的	你 姓 什么 的	你 姓 什 么 的
1438	1438	1439	闲聊#身份信息	你家庭成员有几个啊	你 家庭成员 有 几个 啊	你 家 庭 成 员 有 几 个 啊
1439	1439	1440	闲聊#身份信息	你属于哪个国籍的	你 属于 哪个 国籍 的	你 属 于 哪 个 国 籍 的
1440	1440	1441	闲聊#身份信息	你是不是机器人	你 是不是 机器人	你 是 不 是 机 器 人
1441	1441	1442	闲聊#身份信息	你是中国人吗	你 是 中国 人 吗	你 是 中 国 人 吗
1442	1442	1443	闲聊#身份信息	你是人类还是机器人	你 是 人类 还是 机器人	你 是 人 类 还 是 机 器 人
1443	1443	1444	闲聊#身份信息	你是什么时候出生的	你 是 什么 时候 出生 的	你 是 什 么 时 候 出 生 的
1444	1444	1445	闲聊#身份信息	你是从哪里来的	你 是从 哪里 来 的	你 是 从 哪 里 来 的
1445	1445	1446	闲聊#身份信息	你是动漫迷吗	你 是 动漫 迷 吗	你 是 动 漫 迷 吗
1446	1446	1447	闲聊#身份信息	你是叫机器人吗	你 是 叫 机器人 吗	你 是 叫 机 器 人 吗
1447	1447	1448	闲聊#身份信息	你是哪个公司开发的	你 是 哪个 公司 开发 的	你 是 哪 个 公 司 开 发 的
1448	1448	1449	闲聊#身份信息	你是哪个国家的人	你 是 哪个 国家 的 人	你 是 哪 个 国 家 的 人
1449	1449	1450	闲聊#身份信息	你是土豪吗	你 是 土豪 吗	你 是 土 豪 吗
1450	1450	1451	闲聊#身份信息	你是女的	你 是 女 的	你 是 女 的
1451	1451	1452	闲聊#身份信息	你是女的吗	你 是 女 的 吗	你 是 女 的 吗
1452	1452	1453	闲聊#身份信息	你是女的吧	你 是 女 的 吧	你 是 女 的 吧
1453	1453	1454	闲聊#身份信息	你是好人还是坏人	你 是 好人 还是 坏人	你 是 好 人 还 是 坏 人
1454	1454	1455	闲聊#身份信息	你是宅男吗	你 是 宅 男 吗	你 是 宅 男 吗
1455	1455	1456	闲聊#身份信息	你是机器人吧	你 是 机器人 吧	你 是 机 器 人 吧
1456	1456	1457	闲聊#身份信息	你是男生吗	你 是 男生 吗	你 是 男 生 吗
1457	1457	1458	闲聊#身份信息	你是男的	你 是 男 的	你 是 男 的
1458	1458	1459	闲聊#身份信息	你是男的吗	你 是 男 的 吗	你 是 男 的 吗
1459	1459	1460	闲聊#身份信息	你是男的吧	你 是 男 的 吧	你 是 男 的 吧
1460	1460	1461	闲聊#身份信息	你是男的还是女的	你 是 男 的 还是 女 的	你 是 男 的 还 是 女 的
1461	1461	1462	闲聊#身份信息	你是程序员吗	你 是 程序员 吗	你 是 程 序 员 吗
1462	1462	1463	闲聊#身份信息	你是绅士吗	你 是 绅士 吗	你 是 绅 士 吗
1463	1463	1464	闲聊#身份信息	你有什么爱好	你 有 什么 爱好	你 有 什 么 爱 好
1464	1464	1465	闲聊#身份信息	你有什么目标	你 有 什么 目标	你 有 什 么 目 标
1465	1465	1466	闲聊#身份信息	你有女朋友吗	你 有 女朋友 吗	你 有 女 朋 友 吗
1466	1466	1467	闲聊#身份信息	你有没有兄弟姐妹	你 有没有 兄弟姐妹	你 有 没 有 兄 弟 姐 妹
1467	1467	1468	闲聊#身份信息	你有没有生命啊	你 有没有 生命 啊	你 有 没 有 生 命 啊
1468	1468	1469	闲聊#身份信息	你有没有职业	你 有没有 职业	你 有 没 有 职 业
1469	1469	1470	闲聊#身份信息	你有男朋友吗	你 有 男朋友 吗	你 有 男 朋 友 吗
1470	1470	1471	闲聊#身份信息	你有编号吗	你 有 编号 吗	你 有 编 号 吗
1471	1471	1472	闲聊#身份信息	你有肌肉吗	你 有 肌肉 吗	你 有 肌 肉 吗
1472	1472	1473	闲聊#身份信息	你有身份证吗	你 有 身份证 吗	你 有 身 份 证 吗
1473	1473	1474	闲聊#身份信息	你爸爸是谁	你 爸爸 是 谁	你 爸 爸 是 谁
1474	1474	1475	闲聊#身份信息	你现在几岁啦	你 现在 几岁 啦	你 现 在 几 岁 啦
1475	1475	1476	闲聊#身份信息	你的三围是多少	你 的 三围 是 多少	你 的 三 围 是 多 少
1476	1476	1477	闲聊#身份信息	你的体重是多少啊	你 的 体重 是 多少 啊	你 的 体 重 是 多 少 啊
1477	1477	1478	闲聊#身份信息	你的出生地在哪	你 的 出生地 在 哪	你 的 出 生 地 在 哪
1478	1478	1479	闲聊#身份信息	你的创造者是谁	你 的 创造者 是 谁	你 的 创 造 者 是 谁
1479	1479	1480	闲聊#身份信息	你的力气有多大啊	你 的 力气 有 多 大 啊	你 的 力 气 有 多 大 啊
1480	1480	1481	闲聊#身份信息	你的名字是什么	你 的 名字 是 什么	你 的 名 字 是 什 么
1481	1481	1482	闲聊#身份信息	你的年龄是多少	你 的 年龄 是 多少	你 的 年 龄 是 多 少
1482	1482	1483	闲聊#身份信息	你的开发者是谁	你 的 开发者 是 谁	你 的 开 发 者 是 谁
1483	1483	1484	闲聊#身份信息	你的性别是什么	你 的 性别 是 什么	你 的 性 别 是 什 么
1484	1484	1485	闲聊#身份信息	你的手臂有什么用	你 的 手臂 有 什么 用	你 的 手 臂 有 什 么 用
1485	1485	1486	闲聊#身份信息	你的特长是什么	你 的 特长 是 什么	你 的 特 长 是 什 么
1486	1486	1487	闲聊#身份信息	你的理想是什么啊	你 的 理想 是 什么 啊	你 的 理 想 是 什 么 啊
1487	1487	1488	闲聊#身份信息	你的生日是什么时候	你 的 生日 是 什么 时候	你 的 生 日 是 什 么 时 候
1488	1488	1489	闲聊#身份信息	你的职业是什么	你 的 职业 是 什么	你 的 职 业 是 什 么
1489	1489	1490	闲聊#身份信息	你的职业是服务人类吗	你 的 职业 是 服务 人类 吗	你 的 职 业 是 服 务 人 类 吗
1490	1490	1491	闲聊#身份信息	你的联系方式是什么啊	你 的 联系方式 是 什么 啊	你 的 联 系 方 式 是 什 么 啊
1491	1491	1492	闲聊#身份信息	你的脚多大啊	你 的 脚 多 大 啊	你 的 脚 多 大 啊
1492	1492	1493	闲聊#身份信息	你的身高是多高啊	你 的 身高 是 多 高 啊	你 的 身 高 是 多 高 啊
1493	1493	1494	闲聊#身份信息	你结婚了吗	你 结婚 了 吗	你 结 婚 了 吗
1494	1494	1495	闲聊#身份信息	你能做些啥	你 能 做些 啥	你 能 做 些 啥
1495	1495	1496	闲聊#身份信息	你能像我一样走路吗	你 能 像 我 一样 走路 吗	你 能 像 我 一 样 走 路 吗
1496	1496	1497	闲聊#身份信息	你能听懂我说的话吗	你 能 听懂 我 说 的话 吗	你 能 听 懂 我 说 的 话 吗
1497	1497	1498	闲聊#身份信息	你能服务好人类吗	你 能 服务 好 人类 吗	你 能 服 务 好 人 类 吗
1498	1498	1499	闲聊#身份信息	你能看得到我吗	你 能 看 得到 我 吗	你 能 看 得 到 我 吗
1499	1499	1500	闲聊#身份信息	你能跟我交流吗	你 能 跟 我 交流 吗	你 能 跟 我 交 流 吗
1500	1500	1501	闲聊#身份信息	你都有哪些功能	你 都 有 哪些 功能	你 都 有 哪 些 功 能
1501	1501	1502	闲聊#身份信息	你都知道些什么知识啊	你 都 知道 些 什么 知识 啊	你 都 知 道 些 什 么 知 识 啊
1502	1502	1503	闲聊#身份信息	你都能做些什么	你 都 能 做些 什么	你 都 能 做 些 什 么
1503	1503	1504	闲聊#身份信息	你都能做些啥	你 都 能 做些 啥	你 都 能 做 些 啥
1504	1504	1505	闲聊#身份信息	你需要消耗什么能源	你 需要 消耗 什么 能源	你 需 要 消 耗 什 么 能 源
1505	1505	1506	闲聊#身份信息	可以告诉我你的编号吗	可以 告诉 我 你 的 编号 吗	可 以 告 诉 我 你 的 编 号 吗
1506	1506	1507	闲聊#身份信息	告诉我，你是不是机器人	告诉 我 ， 你 是不是 机器人	告 诉 我 ， 你 是 不 是 机 器 人
1507	1507	1508	闲聊#身份信息	快告诉我，你真的是好人吗	快 告诉 我 ， 你 真的 是 好人 吗	快 告 诉 我 ， 你 真 的 是 好 人 吗
1508	1508	1509	闲聊#身份信息	快说，你现在几岁了	快 说 ， 你 现在 几岁 了	快 说 ， 你 现 在 几 岁 了
1509	1509	1510	闲聊#身份信息	怎么联系你啊	怎么 联系 你 啊	怎 么 联 系 你 啊
1510	1510	1511	闲聊#身份信息	我觉得你是机器人	我 觉得 你 是 机器人	我 觉 得 你 是 机 器 人
1511	1511	1512	闲聊#身份信息	我说什么，你就能做什么吗	我 说 什么 ， 你 就 能 做 什么 吗	我 说 什 么 ， 你 就 能 做 什 么 吗
1512	1512	1513	闲聊#身份信息	男的吗	男 的 吗	男 的 吗
1513	1513	1514	闲聊#身份信息	聊天可以吗	聊天 可以 吗	聊 天 可 以 吗
1514	1514	1515	闲聊#身份信息	请问您贵姓	请问 您 贵姓	请 问 您 贵 姓
1515	1515	1516	闲聊#身份信息	谁开发了你	谁 开发 了 你	谁 开 发 了 你
1516	1516	1517	闲聊#身份信息	难道你不是机器人	难道 你 不是 机器人	难 道 你 不 是 机 器 人
1517	1517	1518	闲聊#身份信息	﻿你是谁	﻿ 你 是 谁	﻿ 你 是 谁
