	LABEL	SENTENCE
0	其它#其它	一个词来形容一下我
1	其它#其它	一加一等于多少
2	其它#其它	一般学生都无法回答这个问题
3	其它#其它	一般学生都无法解决这个问题
4	其它#其它	一起吃顿饭吧
5	其它#其它	不用再多说了，我都明白了
6	其它#其它	么么哒
7	其它#其它	今天你开心吗
8	其它#其它	你不是能算出来吗
9	其它#其它	你今天开心吗
10	其它#其它	你在做什么呢
11	其它#其它	你在干嘛？你在干嘛
12	其它#其它	你开心吗
13	其它#其它	你现在开心吗
14	其它#其它	你的心情不错哦
15	其它#其它	你的想法很独特哦
16	其它#其它	你看起来很开心嘛
17	其它#其它	你过得好吗
18	其它#其它	你过的好吗
19	其它#其它	停一下
20	其它#其它	先听我说一句
21	其它#其它	再等一下把
22	其它#其它	哎呀呀
23	其它#其它	喂喂，你开心吗
24	其它#其它	嗨，你过得愉快吗
25	其它#其它	我不知道我会不会在手机上查询购买订单
26	其它#其它	我不知道这部手机是否具备我希望的其他功能
27	其它#其它	我买这么多功能的手机会不会浪费
28	其它#其它	我们聊得挺投缘的嘛
29	其它#其它	我好像没有带够钱
30	其它#其它	我家人不知道同不同意我买手机
31	其它#其它	我想退货的时候到底能不能退呢
32	其它#其它	我插句话行不
33	其它#其它	我没有好的
34	其它#其它	我没有找借口
35	其它#其它	我没有说谎
36	其它#其它	我看看先
37	其它#其它	本来就是这样嘛
38	其它#其它	没你不行啊
39	其它#其它	用一个词来形容我
40	其它#其它	祝大家心想事成，万事如意
41	其它#其它	算了，我们换个话题
42	其它#捣乱	6666666
43	其它#捣乱	一句温馨的问候，一个轻轻的拥抱，一个浪漫的小插曲，都能给人一种清新愉悦的感受，就向一股暖流流入心底
44	其它#捣乱	下午几点到
45	其它#捣乱	下周什么时候
46	其它#捣乱	下雨就撑伞，流感就预防，生活没有什么过不去的坎，人就是要给点阳光就灿烂
47	其它#捣乱	不是你的错，很明显，是他干的
48	其它#捣乱	不知道明天有没有空
49	其它#捣乱	不要再犹豫不决了。不要总是思前顾后，否则你就给带来了根本就不存在的问题。先分析情况，然后果断地采取行动。你无法改变你不想面对的现实。取得进展就意味着承担风险
50	其它#捣乱	不要挑逗我
51	其它#捣乱	不要调戏我
52	其它#捣乱	不见去年人,景物却依旧,物是人非
53	其它#捣乱	两条路都不是通往车站
54	其它#捣乱	中国大还是美国大啊
55	其它#捣乱	为什么会生病
56	其它#捣乱	亲爱的朋友，原谅我渐渐少去的问候。有一种感情，不再浓烈，却一直存在。我们不能时时在身边，好像电话短信也少了，我们不能第一时间分享彼此的快乐与不快乐，好像变的冷漠沉默了。可是如果有一天，我们再遇见，亲爱的，那当初的一切不会变
57	其它#捣乱	什么时候能有女朋友
58	其它#捣乱	他们确实很般配
59	其它#捣乱	他们都不是我昨晚见到的那个人
60	其它#捣乱	他常常迈步向前，跃跃欲试，然而来到爱玛面前，这种决心很快也就烟消云散，不知去向
61	其它#捣乱	他确实很勤奋
62	其它#捣乱	他确实很帅
63	其它#捣乱	你不是对句中定语的否定
64	其它#捣乱	你们什么时候来到这里的
65	其它#捣乱	你喜欢那件衣服吗
66	其它#捣乱	你好，您点的XX菜现在已经买完了，您看还有XX菜和这道菜口味相似，您要不要来一份
67	其它#捣乱	你好，打扰一下，帮你加点汤
68	其它#捣乱	你家是什么时候装修的
69	其它#捣乱	你居然不知道韩红是谁
70	其它#捣乱	你把问题分析的很好，接下来交给我们办吧
71	其它#捣乱	你有没有看过这本书
72	其它#捣乱	你的歌声抒发了我美好的理想，我的琴音凝集了你无限的向往。愿我们合奏一首幸福曲
73	其它#捣乱	你看得到他吗
74	其它#捣乱	你看得到我吗
75	其它#捣乱	你知道华南农业大学在哪里吗
76	其它#捣乱	你知道这是什么歌吗
77	其它#捣乱	你能帮我抢生意吗
78	其它#捣乱	你能预测奥运会中国队能拿多少金牌吗
79	其它#捣乱	你若安好，便是晴天
80	其它#捣乱	你要去哪里
81	其它#捣乱	你要去哪里呀
82	其它#捣乱	你觉得她体重是多少
83	其它#捣乱	你觉得我帅不帅
84	其它#捣乱	你认不认识百度公司的创造人
85	其它#捣乱	你说的一点都没错，就是他干的
86	其它#捣乱	你说那支队伍会赢吗
87	其它#捣乱	你还有什么问题吗
88	其它#捣乱	你预测一下悟空的发挥吧
89	其它#捣乱	做朋友的绝对不会忘了你！送给你最真的祝福，让你有个暖暖的圣诞节。感动了吧！虽然只有3块钱，但也是个很棒的礼物
90	其它#捣乱	凉风飞舞着祝福，轻轻送上真挚的问候：愿快乐伴随，清凉一夏
91	其它#捣乱	别动，举起手来
92	其它#捣乱	别站在人生的十字路口徘徊不定，犹豫不决。人生就这麽一次未知的旅行，在乎的是沿途的风景和旅行的心情。不会因为你的停留尔美丽的风景终止，走过的路已经成为你背後的风景
93	其它#捣乱	别跟我谈感情
94	其它#捣乱	劝你一句，老朋友：别忘了乐极生悲这句话！但愿你一切都好
95	其它#捣乱	半个小时就可以
96	其它#捣乱	华丽的外表，往往掩盖着肮脏的灵魂，偶像派的明星，还有追星族的傻逼们
97	其它#捣乱	叔叔
98	其它#捣乱	句中的否定词没有作谓语中心语
99	其它#捣乱	可以给我么
100	其它#捣乱	可以载我一程吗
101	其它#捣乱	可能明天中午就可以
102	其它#捣乱	可能没那么快
103	其它#捣乱	可能要过几天才行
104	其它#捣乱	可能需要等两个星期
105	其它#捣乱	各种矛盾的心情，痛苦地绞缢着她
106	其它#捣乱	后来呢？怎么样了
107	其它#捣乱	喂，你要去哪里
108	其它#捣乱	喂，怎么没我的份
109	其它#捣乱	嘿，我的呢
110	其它#捣乱	在他的灵魂里，两种感情，恶与答的感情，受了侮辱的自尊心与对这个受苦的女人的怜悯心，正在交战
111	其它#捣乱	在内心深处，总有一个身影徘徊，总有一个声音问候，无论何时想起，温暖随时都能感应
112	其它#捣乱	在通往未来的人生岔口，你坚定地选择了这条小路。路的那边是风和日丽，曲径通幽？还是急风残月，河边断桥？你无从知晓。于是，你开始迷惘忧虑，懊丧不已，后悔当初没有走上岔口那边的小路，那片风景中也许会是花好月圆，阳光灿烂。然而昨日的太阳已落，失去的风景已过，生命的旅途没有回返的路程。你已没有了选择，也不能过多的犹豫，你只能依靠着信念走出这泥泞的雨地。也许你会错过一段季节，也许你会迷失一段方向，错过了太阳，你还会再迷失月亮吗
113	其它#捣乱	夜宵怎么解决
114	其它#捣乱	夸我一句
115	其它#捣乱	女的
116	其它#捣乱	她收不住奔驰起来的思想，一会儿充满了幸福，幸福得心向外膨胀，一会儿充满了恐惧，感到这事是那么可怕
117	其它#捣乱	她确实很漂亮
118	其它#捣乱	好无聊啊
119	其它#捣乱	好的，请稍等！请用茶，请喝豆浆
120	其它#捣乱	姊妹两并非都在这里
121	其它#捣乱	定闹钟会痛，不定闹钟也会痛；闹钟响会痛，闹钟不响也会痛；被叫醒会痛，叫不醒也会痛；起床会痛，不起床也会痛
122	其它#捣乱	宵夜怎么解决
123	其它#捣乱	寒风吹，祝福到。
124	其它#捣乱	对不起、请原谅、不用谢、没关心、请不要放在心上
125	其它#捣乱	尼姑用广州话怎么读
126	其它#捣乱	巨大的爱和情欲正在他的内心深处激烈地搏斗，他袖着手，呆呆地望着天空
127	其它#捣乱	希望我的祝福能驱散你平日的辛劳
128	其它#捣乱	带我去学校好不好
129	其它#捣乱	帮我倒杯水可以吗
130	其它#捣乱	干炒牛河怎么做呀
131	其它#捣乱	应该过几天就可以
132	其它#捣乱	开发者
133	其它#捣乱	当时他一方面为裘德将要在她手里受痛苦而眼泪直落，另一方面又为自己可怜而眼泪直涌，两种眼泪，互相混合
134	其它#捣乱	影响我们下决心的因素，往往既不是事情过于复杂，也不是我们的判断力不够，而是对于自己即将放弃的选择心有不甘
135	其它#捣乱	征询语：需要我帮忙嘛？、我能为你做些什么嘛
136	其它#捣乱	很久很久，你欠了我的一声问候，哪怕只是短短的一两句寒暄
137	其它#捣乱	微笑将祝福传递，喜悦将幸福传送，问候温馨更暖心，祝福情真意更真，画个快乐大圈圈，年年岁岁保佑你
138	其它#捣乱	忙碌一周的你感觉累吗?要好好休息
139	其它#捣乱	快回到属于你的地方
140	其它#捣乱	您好！请问您对我们的服务有没有什么意见或建议？谢谢您
141	其它#捣乱	您好，帮您把外套挂一下？我把您的包放在这里了
142	其它#捣乱	您好，您看还有什么需要吗
143	其它#捣乱	您好，您看这个菜可以给您合一下盘吗
144	其它#捣乱	您好，打扰一下，帮您加点水！
145	其它#捣乱	您好，打扰一下，帮您换下烟缸！您好，帮您清理下台面
146	其它#捣乱	您好，打扰一下，帮您罩一下衣罩
147	其它#捣乱	您好，这是我们点的XX菜，给您分一下，好吗
148	其它#捣乱	情动三江水，诚感五岳山，心愿传千里，祝福送吉祥，好运常相伴，幸福展笑颜，开心更快乐，人旺万事顺
149	其它#捣乱	感谢所有忙碌着关注着我的朋友，感谢生命中经历的每一次问候与祝福，愿你们每天都平安祥和幸福
150	其它#捣乱	感谢语：谢谢、劳驾了、让您费心了、实在过意不去、麻烦您、感谢您的帮助
151	其它#捣乱	愿你拥有：春天的歌欢快，夏天的心火热，秋天的意深厚，冬天的情纯真。在未来的人生旅途中，永远保持你自己
152	其它#捣乱	愿如梦的幻想，消融在天边的彩霞里；愿青鸟衔起我俩，飞向生活的绿洲
153	其它#捣乱	愿甜蜜伴你度过一天中的每一时，愿平安同你走过一时中的每一分，愿快乐陪你度过一分中的每一秒
154	其它#捣乱	我一会儿想往前走，一会儿想往后撤退，
155	其它#捣乱	我不知道晚上可不可以啊
156	其它#捣乱	我不确定到底要哪一本书
157	其它#捣乱	我为什么会生病
158	其它#捣乱	我们不应该乱说话
159	其它#捣乱	我们不应该做不对的事
160	其它#捣乱	我们不应该说不对的话
161	其它#捣乱	我们不能做不对的事
162	其它#捣乱	我们不能说不对的话
163	其它#捣乱	我们在过去十年内连一面都没有见过
164	其它#捣乱	我们应该经常地通通话
165	其它#捣乱	我们是什么关系
166	其它#捣乱	我失魂落魄，如痴似醉，一会儿我觉得自己还不够漂亮，不够富有，不够潇洒一忽儿，我为自己能够占有她而沾沾自喜，得意洋洋
167	其它#捣乱	我很快就行
168	其它#捣乱	我思绪纷繁，心乱如麻
169	其它#捣乱	我想知道我什么时候能有女朋友
170	其它#捣乱	我请你做到以下三点：一定要成功，一定要快乐，一定要幸福
171	其它#捣乱	我谈恋爱的原则，非诚勿扰
172	其它#捣乱	我迷路了
173	其它#捣乱	我钱包掉了，能借点钱给我吗
174	其它#捣乱	所以我才来晚了
175	其它#捣乱	所以我才这样做
176	其它#捣乱	所有的思念，抵不过一个微笑，所有的忧愁，只需要一个问候，有雨的夜，最美那是来自天使的问候
177	其它#捣乱	打扰一下，帮您换下骨碟
178	其它#捣乱	打扰你们一下，到某地的路怎么走
179	其它#捣乱	打断一下你们的对话
180	其它#捣乱	打篮球的男生特别帅，你喜欢打篮球吗
181	其它#捣乱	拉长幸福的直线，让开心的笑容伴随左右，让快乐的生活陪伴身旁，让工作有活力，让事业有激情，愿你事事都如意，万事都顺心
182	其它#捣乱	挑逗
183	其它#捣乱	教我好不好
184	其它#捣乱	无尽的人海中，我们相聚又分离
185	其它#捣乱	早上好阳光为你烘烤温暖的味道，问候为你带来快乐的奇妙，清新的早晨，希望我的一条短信，给你一天简单而充实的幸福，早上好
186	其它#捣乱	早上好，一束阳光照在身，祝你天天都开心，财神家中去，梦想变成真，今天中大奖，明天去上任，朋友的祝福全都是真心
187	其它#捣乱	早上没有空
188	其它#捣乱	早晨，清凉的空气如牛乳般新鲜，冉起的太阳如梦想般希望。天明，亮起的不只是阳光，还要有你的好心情哦，早安
189	其它#捣乱	明天几点出发
190	其它#捣乱	明天可不可以
191	其它#捣乱	明天没时间
192	其它#捣乱	春天，有梦一般的花；春天，有花一般的梦。春天到了！愿你的梦，像美丽的花；愿你心中的花，像美丽的梦
193	其它#捣乱	春风向树木问好， 花儿向人们问好. 五谷向闲田问好。有谁懂，年复一年忙碌的背后，是被忽略的问候与祝福
194	其它#捣乱	是先杀猪呢 还是先杀驴呢
195	其它#捣乱	晚上吧
196	其它#捣乱	晚上有空吗
197	其它#捣乱	有些机会，因瞬间的犹豫，擦肩而过；有些缘分，因一时的任性，滑落指间；有些感情，因一时的冲动，遗憾一生；有些人，一转身就是一辈子。许多感情疏远淡漠，无力挽回，只源于一念之差
198	其它#捣乱	有时候，我们在爱情中犹豫不决，会彷徨失措
199	其它#捣乱	有时候，我们在爱情中犹豫不决，会彷徨失措，会被流言蜚语和冷言冷语中伤，继而会对原本在意的这段感情产生质疑
200	其它#捣乱	朋友，当永放心头，永不相忘；朋友，当共荣辱，当同患难；友谊，如流水不因石而阻，不因远而疏。朋友，祝你有个好心情哦
201	其它#捣乱	朋友，愿你飞过辽阔的天空，穿过无边的旷野，越过璀璨的星河，直到矗立在彩虹之巅
202	其它#捣乱	望下次还能为您服务
203	其它#捣乱	清晨的美好就如青草般芳香，如河溪般清澈，如玻璃般透明，如甘露般香甜。亲爱的朋友，早上好，愿你今天有个好心情
204	其它#捣乱	炎炎的烈日，足以拷问丑恶的内心，辛苦的工作，可暂忘浮浅的思春
205	其它#捣乱	犹豫不决是以无知为基础的
206	其它#捣乱	电视播放
207	其它#捣乱	男孩
208	其它#捣乱	睁开眼，缓一缓；快起床，伸懒腰；笑一笑，美好的一天又开始了。早安，祝你今天好心情，工作顺利，生活甜美
209	其它#捣乱	矛盾的心情像一条毒蛇，在咬啮他的脏腑
210	其它#捣乱	祝你天天拥有：蓬勃的激情，雄壮的豪情，执着的热情，甜美的爱情，洒脱的表情，爽朗的神情，愉快的心情
211	其它#捣乱	神说：幸福是有一颗感恩的心，健康的身体，称心的工作，一位深爱你的人，一帮信赖的朋友你会拥有这一切！祝圣诞快乐
212	其它#捣乱	稍有犹豫便就不然了
213	其它#捣乱	突然的彷徨，突然的不知所措
214	其它#捣乱	站在人生的十字路口，我们也许会徘徊不定、犹豫不决。
215	其它#捣乱	笑一个
216	其它#捣乱	等等不行吗
217	其它#捣乱	等等我五分钟
218	其它#捣乱	能勾搭你么
219	其它#捣乱	能顺路载我一程吗
220	其它#捣乱	致歉语：对不起、请原谅、不用谢、没关心、请不要放在心上
221	其它#捣乱	落叶知秋，情谊如酒，风渐凉时无喜更无忧。岁月流走，蓦然回首，一声问候醇绵依旧。友情相守，不离左右，含笑送出这份问候：季节交替，注意身体
222	其它#捣乱	虽然烈日炎炎，周一还得上班，高温令人疲倦，要与快乐连线。见人面带微笑，好运与你触电；懒散情绪抛开，精神焕发容颜；烦恼莫放心头，潇洒自然相见。周一问候给力，再忙再累也要心情美丽，开心面对
223	其它#捣乱	衷心祝福：上帝保佑你！彩票关心你！菩萨爱护你！要云得云，要雨得雨！花天酒地，黄金遍地
224	其它#捣乱	要不要一起去跑步
225	其它#捣乱	要不要一起去逛街
226	其它#捣乱	要去哪里
227	其它#捣乱	要是没有你的帮助，恐怕要失败了
228	其它#捣乱	要是没有你，都不知道怎么办啊
229	其它#捣乱	要等到6点才知道
230	其它#捣乱	请带好您的随身物品，请慢走
231	其它#捣乱	请带好您的随身物品，请慢走！谢谢光临，希
232	其它#捣乱	请慢用
233	其它#捣乱	请我吃饭好不好
234	其它#捣乱	请问您喝点什么？我们这有茶水、饮料、豆浆、酸梅汤。
235	其它#捣乱	请问菜品需要打包吗
236	其它#捣乱	调教
237	其它#捣乱	谢谢、劳驾了、让您费心了、实在过意不去、麻烦您、感谢您的帮助
238	其它#捣乱	起床是会呼吸的痛，挣扎在每个细胞中
239	其它#捣乱	距离有短有长，不论短长，都铺满着我的思念；短信有短有长，不论短长，都充盈着我的挂牵；祝福有短有长，不论短长，都代表着我的心愿：祝你快乐天天
240	其它#捣乱	路，共同欣赏才风景美丽；情，互相交流才更加真切。问个好，情谊永在，祝你心情愉快
241	其它#捣乱	身体不舒服，怎么办啊
242	其它#捣乱	轮到我讲话了，你们停一下
243	其它#捣乱	还有多久轮到我
244	其它#捣乱	这个夏天，真心祝愿：大树庇护你，烈日让着你，微风向着你，暴雨躲着你，爱人由着你，邻居帮着你，朋友记着你，中奖500万的只有你
245	其它#捣乱	这个月我有空
246	其它#捣乱	这个礼拜都没时间
247	其它#捣乱	这个穷孩子无新衣服穿
248	其它#捣乱	这个穷孩子没有一件新衣服
249	其它#捣乱	这些矛盾在他心中乱碰，使他一天到晚的五脊六兽的不大好过
250	其它#捣乱	这是非主流事件
251	其它#捣乱	这本书好不好看
252	其它#捣乱	这本书很好看
253	其它#捣乱	这药非处方药
254	其它#捣乱	这里确实很大
255	其它#捣乱	迷路了，怎么办
256	其它#捣乱	送上一条解乏短信，愿你周一早晨精精神神，起床上班不再痛
257	其它#捣乱	送你一串祝福，浇灌你幸福的生活
258	其它#捣乱	那么，你觉得她漂亮吗
259	其它#捣乱	那件事怎么说来的
260	其它#捣乱	错不全在我
261	其它#捣乱	问候语：您好！欢迎光临，里面请，您请坐
262	其它#捣乱	问候远方的朋友：多一些开心，少一些烦恼，时时好心情。便用点滴的问候 想抚平你一点
263	其它#捣乱	阿姨
264	其它#捣乱	需要多少天才可以
265	其它#捣乱	需要等多久啊
266	其它#捣乱	非主流英语句子没意义
267	其它#捣乱	非也！我不喜欢这糖果
268	其它#捣乱	非勇敢非好汉，非泼辣非辣妹
269	其它#捣乱	非地震后，没有一栋房子不倒塌
270	其它#捣乱	非天仙非妖魔，确能长的如此美丽，世间甚是少见
271	其它#捣乱	非法入侵行为不值得提倡
272	其它#捣乱	非潘安非宋玉
273	其它#捣乱	非萝莉非萌妞
274	其它#捣乱	风吹散了蒲公英的思绪，把它的希望带到了远方；在哪里梦里有了生命力，在哪里渴望变得坚强；每一个执着的人啊，去奋斗吧，为了路上的远方
275	其它#捣乱	风面语：早上好、下午好、晚上好、您好、请多多指教、请多关照
276	其它#捣乱	香辣鸡翅好吃吗
277	其它#捣乱	鼓掌，鼓掌
278	其它#捣乱	﻿哎，又过了一天
279	其它#捣乱	﻿调戏
280	其它#骂人	2B
281	其它#骂人	丫的
282	其它#骂人	二逼
283	其它#骂人	人渣
284	其它#骂人	低能
285	其它#骂人	低能儿
286	其它#骂人	你个屌丝
287	其它#骂人	你个狗日的
288	其它#骂人	你丫的
289	其它#骂人	你他妈废话啊
290	其它#骂人	你们住嘴
291	其它#骂人	你们闭嘴
292	其它#骂人	你傻吗
293	其它#骂人	你好屌
294	其它#骂人	你妹
295	其它#骂人	你妹啊，明明不是我
296	其它#骂人	你有病啊
297	其它#骂人	你有病啊，前言不搭后语的
298	其它#骂人	你真逗逼
299	其它#骂人	傻逼
300	其它#骂人	傻逼，听不懂我刚刚说什么了啊
301	其它#骂人	八嘎牙路
302	其它#骂人	去你的
303	其它#骂人	去死、去死、去死
304	其它#骂人	去死把
305	其它#骂人	变态
306	其它#骂人	变态，老是讲那些东西
307	其它#骂人	妈B
308	其它#骂人	妈的
309	其它#骂人	妈逼
310	其它#骂人	妹的
311	其它#骂人	尼玛
312	其它#骂人	尼玛，我对你无语了
313	其它#骂人	屌
314	其它#骂人	屌丝
315	其它#骂人	废话
316	其它#骂人	废话不要讲那么多，给点实际的
317	其它#骂人	弱智
318	其它#骂人	我勒个去
319	其它#骂人	我去
320	其它#骂人	我现在不想听你讲话，给我滚
321	其它#骂人	我草
322	其它#骂人	杀马特
323	其它#骂人	流氓
324	其它#骂人	流氓，能说点好听的么
325	其它#骂人	混蛋
326	其它#骂人	混账
327	其它#骂人	滚滚滚
328	其它#骂人	煞笔
329	其它#骂人	狗日的
330	其它#骂人	神经
331	其它#骂人	神经病
332	其它#骂人	给我滚
333	其它#骂人	艹草
334	其它#骂人	贱人，住嘴
335	其它#骂人	贱人，你刚刚说什么来着
336	其它#骂人	逗逼
337	其它#骂人	都给我住嘴
338	其它#骂人	闭嘴
339	其它#骂人	靠靠靠
340	其它#骂人	靠，讲的话那么难听
341	其它#骂人	顶顶顶、顶顶顶、顶顶顶
342	其它#骂人	麻痹
343	导购#不成交	不买了
344	导购#不成交	我不买了
345	导购#不理解	你刚刚说的是怎么回事啊
346	导购#不理解	你刚刚说的话很莫名其妙
347	导购#不理解	对不起我没挺清楚您说的话，请再重复一遍好吗
348	导购#不理解	怎么会
349	导购#不理解	能再说一遍么
350	导购#不理解	莫名其妙的
351	导购#开始	买手机
352	导购#开始	介绍下新手机
353	导购#开始	你们这里有什么手机卖
354	导购#开始	你好，这里有什么手机卖
355	导购#开始	你这里卖手机吗
356	导购#开始	你这里有手机卖吗
357	导购#开始	你这里有没有智能手机买
358	导购#开始	卖不卖手机
359	导购#开始	原来的手机坏了，想换台新手机
360	导购#开始	帮帮我选手机
361	导购#开始	帮我挑选个手机
362	导购#开始	帮我选一台手机
363	导购#开始	帮我选一款手机吧
364	导购#开始	怎么买手机
365	导购#开始	我们继续聊手机
366	导购#开始	我再看看
367	导购#开始	我想买一台手机
368	导购#开始	我想买一款手机
369	导购#开始	我想买一部手机
370	导购#开始	我想买手机
371	导购#开始	我想买新手机
372	导购#开始	我想和你聊天
373	导购#开始	我想看手机
374	导购#开始	我想要买手机
375	导购#开始	我想要手机
376	导购#开始	我现在想换个手机
377	导购#开始	我要一台新手机
378	导购#开始	我要买个新手机
379	导购#开始	我要买手机
381	导购#开始	我要买款手机
382	导购#开始	我要给我妈妈买个手机
383	导购#开始	我需要一台新手机
384	导购#开始	手机怎么卖
686	导购#开始	打扰一下
385	导购#开始	推荐一台手机给我
386	导购#开始	推荐一款手机给我吧
387	导购#开始	推荐一款新的手机
388	导购#开始	有什么手机能卖给我
389	导购#开始	有什么手机能推荐
390	导购#开始	有什么新款的手机
391	导购#开始	有什么比较好的手机
392	导购#开始	来一款手机
393	导购#开始	来买手机
394	导购#开始	给我介绍款手机
395	导购#开始	给我妈妈买个手机
396	导购#开始	请问，这里能买手机吗
397	导购#开始	这里有手机吗
398	导购#成交	不错，我要买他
399	导购#成交	买
400	导购#成交	买买买
401	导购#成交	买了
402	导购#成交	买这个
403	导购#成交	买这部
405	导购#成交	决定是他
406	导购#成交	决定是她
407	导购#成交	决定是它
408	导购#成交	决定是这部了
409	导购#成交	好，就要他了
410	导购#成交	就他吧
411	导购#成交	就她吧
412	导购#成交	就它吧
413	导购#成交	就是他了
414	导购#成交	就是她了
415	导购#成交	就是它了
416	导购#成交	就是想要他
417	导购#成交	就是想要她
418	导购#成交	就是想要它
419	导购#成交	就是想要这台
420	导购#成交	就是要他
421	导购#成交	就是要她
422	导购#成交	就是要它
423	导购#成交	就是要这台
424	导购#成交	就是这台了
425	导购#成交	就要他了
426	导购#成交	就要她了
427	导购#成交	就要它了
428	导购#成交	就这台
429	导购#成交	就这手机
430	导购#成交	就这部
431	导购#成交	属于我的了
432	导购#成交	带回家
433	导购#成交	想买的就是他
434	导购#成交	想买的就是她
435	导购#成交	想买的就是它
436	导购#成交	我买
437	导购#成交	我买了
438	导购#成交	我买他了
439	导购#成交	我买这一部
440	导购#成交	我就要这一部
441	导购#成交	我要
442	导购#成交	我要买
443	导购#成交	我要买这一部
444	导购#成交	我要了
445	导购#成交	我要她
446	导购#成交	我要这个了
447	导购#成交	我要这款
448	导购#成交	我还要再买这款
404	导购#成交	我都想要一个了
449	导购#成交	把他带回家
450	导购#成交	把他收回家
451	导购#成交	把她带回家
452	导购#成交	把她收回家
453	导购#成交	把它带回家
454	导购#成交	把它收回家
455	导购#成交	挑中是他了
456	导购#成交	挑中是她了
457	导购#成交	挑中是它了
458	导购#成交	挑中这台了
459	导购#成交	挑中这部了
460	导购#成交	挑中这部手机
461	导购#成交	收下了
462	导购#成交	收回家
463	导购#成交	敲定他
464	导购#成交	敲定她
465	导购#成交	敲定它
466	导购#成交	是我的
467	导购#成交	是我的了
468	导购#成交	正是买他
469	导购#成交	正是买她
470	导购#成交	正是买它
471	导购#成交	正是买这部
472	导购#成交	正是要他
473	导购#成交	正是要她
474	导购#成交	正是要它
475	导购#成交	正是要这部
476	导购#成交	相中是他
477	导购#成交	相中是她
478	导购#成交	相中是它
479	导购#成交	相中是这台了
480	导购#成交	相中是这部了
481	导购#成交	相中这部手机
482	导购#成交	要一个
483	导购#成交	要一套
484	导购#成交	要三个
485	导购#成交	要两个
486	导购#成交	要两套
487	导购#成交	要两款
488	导购#成交	要了
489	导购#成交	要了他
490	导购#成交	要了她
491	导购#成交	要了它
492	导购#成交	要五个
493	导购#成交	要六个
494	导购#成交	要四个
495	导购#成交	要要要
496	导购#成交	要这个
497	导购#成交	要这台
498	导购#成交	要这款
499	导购#成交	要这种
500	导购#成交	要这部
501	导购#成交	这款我要了
502	导购#成交	那我就买它
503	导购#成交	﻿成交
504	导购#更换	我想换另一台
505	导购#更换	我想换另一款
506	导购#更换	我想要其他的
507	导购#更换	我想要其他的手机
508	导购#更换	我想要别的手机
509	导购#更换	我想要另一台手机
510	导购#更换	我想要另一款手机
511	导购#更换	我想要另一部手机
512	导购#更换	我要其他手机
513	导购#更换	我要其他的
514	导购#更换	我要别的
515	导购#更换	我要另一款
516	导购#更换	我要另一部手机
517	导购#更换	换一个手机
518	导购#更换	换一个给我吧
519	导购#更换	换一台
520	导购#更换	换一款来看看
521	导购#更换	换其他的
522	导购#更换	换其他的看看
523	导购#更换	推荐其他的手机给我吧
524	导购#更换	推荐别的可以吗
525	导购#更换	推荐别的给我吧
526	导购#更换	推荐另一台吧
527	导购#更换	推荐另一部
528	导购#更换	更换一台可以吗
529	导购#更换	给我另一部手机
530	导购#更换	给我推荐其他的手机
531	导购#更换	给我看另一台手机吧
532	导购#更换	给我看另一款手机吧
533	导购#更换	还有其他手机吗
534	导购#更换	还有其他款式的吗
535	导购#更换	还有其他的吗
536	导购#更换	还有其他的手机吗
537	导购#更换	还有其他类型的吗
538	导购#更换	还有别的吗
539	导购#更换	还有别的手机吗
540	导购#更换	还有别的款式吗
541	导购#更换	还有别的类型吗
542	导购#更换	还有另一台吗
543	导购#更换	还有另一款吗
544	导购#更换	还有另一部吗
545	导购#更换	还有吗
546	导购#更换	麻烦推荐其他的给我
547	导购#更换	﻿换一款吧
548	导购#结束	88
549	导购#结束	886
550	导购#结束	一路顺风
551	导购#结束	下次再和你聊，我们下次接着聊吧
552	导购#结束	下次再好好聊聊
553	导购#结束	下次再聊
554	导购#结束	下次再见
555	导购#结束	下次聊
556	导购#结束	下次见
557	导购#结束	不和你说了
558	导购#结束	不好意思，我现在就得走
559	导购#结束	不聊了
560	导购#结束	不说了
561	导购#结束	不送你啦
562	导购#结束	不送啦
563	导购#结束	与你这次谈话非常愉快
564	导购#结束	亲爱的，晚安
565	导购#结束	今天聊到这里先把
566	导购#结束	你忙吧，改天再聊
567	导购#结束	保持联系
568	导购#结束	再见
569	导购#结束	再见，小心点
570	导购#结束	再见，当心点
571	导购#结束	再见，请留步
572	导购#结束	别忘了我们的约会,明天见吧
573	导购#结束	到了再给我打电话
574	导购#结束	到了应该离开的时候了
575	导购#结束	午安
576	导购#结束	后会有期，朋友
577	导购#结束	告别语：再见、欢迎再来、祝您一路顺风、请再来
578	导购#结束	回头见
579	导购#结束	天下没有不散的筵席
580	导购#结束	天色晚了，我得马上动身了
581	导购#结束	天越来越黑，我得走了
582	导购#结束	天黑了，我得走了
583	导购#结束	失陪了
584	导购#结束	好吧该睡觉了
585	导购#结束	好梦
586	导购#结束	对不起，我得赶快走
587	导购#结束	就这样吧
588	导购#结束	希望我们以后能经常保持联络
589	导购#结束	希望我们明天就能相逢
590	导购#结束	常联系
591	导购#结束	待会儿见
593	导购#结束	我不和你说了
594	导购#结束	我们可以明天继续谈
596	导购#结束	我们就此别过
607	导购#结束	我们就此告别吧
597	导购#结束	我们就谈到这里，你看怎么样
598	导购#结束	我们改天再解决这一争论好吗
599	导购#结束	我们要暂时分别了
600	导购#结束	我们过些时候再聊
601	导购#结束	我会再打电话给你的
602	导购#结束	我先去洗澡了
603	导购#结束	我先走了
604	导购#结束	我得赶末班车回城
605	导购#结束	我想我们这样也谈不出什么名堂来了
606	导购#结束	我想我最好现在就走。
608	导购#结束	我有事先忙
609	导购#结束	我期待着你的消息
610	导购#结束	我现在必须结束我们的谈话了
611	导购#结束	我的朋友正准备走，我得去送他
612	导购#结束	我真的要走了
613	导购#结束	我舍不得你走，但是你要走我也没法挽留，只能说声“一路顺风”
614	导购#结束	我要去吃饭了
615	导购#结束	我要去忙其他事了
616	导购#结束	我要告辞了
617	导购#结束	我要说的都说完了
618	导购#结束	我要走了，不知道下次什么时候再见
619	导购#结束	我要走了，我要迟到了
592	导购#结束	我该告辞了
620	导购#结束	我走啦
621	导购#结束	我非常渴望以后有机会能和你在网上聊天
622	导购#结束	抱歉，我不得不走了
623	导购#结束	拜拜
624	导购#结束	拜拜了
625	导购#结束	撤了。先撤了
626	导购#结束	明天见
627	导购#结束	是我该走的时候了，谢谢您陪我
628	导购#结束	晚安。我睡了
629	导购#结束	晚安，祝好梦
630	导购#结束	来也匆匆，去也匆匆，期待下一次重逢
631	导购#结束	没什么事了
632	导购#结束	没什么事我就先走了
633	导购#结束	没想到已这么晚了，我得走
634	导购#结束	洗洗睡了
635	导购#结束	火车八点开，我恐怕现在得快点走
636	导购#结束	真对不起，你们再聊，我不得不先走一步了
637	导购#结束	祝好梦
638	导购#结束	请珍重
639	导购#结束	请见谅，我不得不先告辞了
640	导购#结束	谢谢光临，希望下次还能为您服务
641	导购#结束	走了，去吃饭了
642	导购#结束	走啦
643	导购#结束	路上小心，注意车辆
681	导购#结束	过得真愉快，谢谢您，再见
644	导购#结束	还有什么需要，再打电话联系我
645	导购#结束	这我们以后再谈
646	导购#结束	那我们就下周再见吧
647	导购#结束	﻿晚安
648	导购#详情	介绍下
649	导购#详情	介绍下详情
650	导购#详情	你这里卖什么牌子的手机
651	导购#详情	具体介绍下
652	导购#详情	具体怎样
653	导购#详情	具体点
654	导购#详情	具体点讲
655	导购#详情	可不可以给我介绍一下这部手机
656	导购#详情	有好的介绍吗
657	导购#详情	详细介绍下
658	导购#详情	详细点
659	导购#详情	详细点讲
660	导购#详情	说清楚点
661	社交义务#不用谢	不客气
662	社交义务#不用谢	不用谢
663	社交义务#不用谢	不谢
664	社交义务#不用谢	你太不客气了
665	社交义务#接受道歉	不介意
666	社交义务#接受道歉	不在意
667	社交义务#接受道歉	不要紧
668	社交义务#接受道歉	做错了可以再来过嘛，加油
669	社交义务#接受道歉	接受你的道歉
670	社交义务#接受道歉	没事
671	社交义务#接受道歉	没事拉
672	社交义务#接受道歉	没关系
673	社交义务#致谢	嗨，幸会
595	社交义务#致谢	我们对您的关照，谨致谢意
674	社交义务#致谢	拜托你了
675	社交义务#致谢	请多关照
676	社交义务#致谢	谢谢你哦
677	社交义务#致谢	谢谢你抽空和我谈话
678	社交义务#致谢	谢谢您的服务
680	社交义务#致谢	辛苦了
682	社交义务#致谢	麻烦你了
683	社交义务#致谢	麻烦您了
684	社交义务#道歉	不好意思，打扰一下
685	社交义务#道歉	我错了
687	社交义务#道歉	打扰了
688	社交义务#道歉	请原谅给你添麻烦了
689	社交义务#道歉	请多保重
679	社交义务#道歉	谢谢，打扰你了
690	社交义务#问候	ch2r你好
691	社交义务#问候	一起都好吗
692	社交义务#问候	中午好
693	社交义务#问候	亲，开心点哦
694	社交义务#问候	亲，祝你好运
695	社交义务#问候	你吃饭了吗
696	社交义务#问候	你吃饭没有
697	社交义务#问候	你好
698	社交义务#问候	你好，在吗
699	社交义务#问候	你好，很高兴能认识你
700	社交义务#问候	叔叔，你好，
701	社交义务#问候	吃过饭了没有
702	社交义务#问候	吃饭了吗
703	社交义务#问候	吃饭了没有
704	社交义务#问候	哈罗
705	社交义务#问候	嗨
706	社交义务#问候	嗨，哈罗
707	社交义务#问候	嗨，近来好吗
708	社交义务#问候	在吗
709	社交义务#问候	工作忙不忙呀
710	社交义务#问候	店家在吗
711	社交义务#问候	很高兴见到你
712	社交义务#问候	您好
713	社交义务#问候	握个手吧
714	社交义务#问候	握手
715	社交义务#问候	早上好
718	社交义务#问候	早上好，夫人
719	社交义务#问候	晚上好
717	社交义务#问候	晚上好，先生
720	社交义务#问候	最近好吗
721	社交义务#问候	最近忙不忙
722	社交义务#问候	最近怎么样
723	社交义务#问候	最近身体好吗
724	社交义务#问候	机器人你好
725	社交义务#问候	欢迎你光临指导
726	社交义务#问候	祝你今天快乐
727	社交义务#问候	祝你幸福快乐
728	社交义务#问候	祝您节日愉快
729	社交义务#问候	节日快乐
716	社交义务#问候	请多多指教
730	社交义务#问候	过得如何呀
731	社交义务#问候	近况如何
732	社交义务#问候	近来好吗
733	社交义务#问候	阿姨，你好
734	社交义务#问候	﻿你好机器人
737	表态#不满	不合意
738	表态#不满	不合胃口
739	表态#不满	不合适
740	表态#不满	不和你玩了
741	表态#不满	不喜欢这个
742	表态#不满	不喜欢这台
743	表态#不满	不喜欢这台手机
744	表态#不满	不喜欢这款
745	表态#不满	不喜欢这款手机
746	表态#不满	不喜欢这种
747	表态#不满	不太合意
748	表态#不满	不太合胃口
749	表态#不满	不太合适
750	表态#不满	不太满意
751	表态#不满	不满意
752	表态#不满	不然还想怎样
753	表态#不满	不理你了
754	表态#不满	不跟你玩了
755	表态#不满	为什么要那么久
756	表态#不满	什么鬼
757	表态#不满	他确实令人讨厌
758	表态#不满	你不该来到这个世界上
759	表态#不满	你们好过分
760	表态#不满	你们给我安静点
761	表态#不满	你怎么那么笨
762	表态#不满	你还想怎样
763	表态#不满	保持安静，不许讲话
764	表态#不满	停下来听我讲句话行不行
765	表态#不满	停停停
766	表态#不满	停，怎么把我给忘了
767	表态#不满	哎呀呀，有种再说一句
768	表态#不满	够了
769	表态#不满	够了！刚才的话把我惹火了
770	表态#不满	大家视你为仇敌
771	表态#不满	太差了
772	表态#不满	好伤人的话啊
773	表态#不满	好过分
774	表态#不满	安静，安静
775	表态#不满	差劲
776	表态#不满	快住口
777	表态#不满	我不和你玩了
833	表态#不满	我不喜欢啊
834	表态#不满	我不喜欢它
835	表态#不满	我不喜欢这个
836	表态#不满	我不喜欢这台手机
837	表态#不满	我不大喜欢
838	表态#不满	我不太喜欢
778	表态#不满	我对你十分无语，不想再听你说话了
779	表态#不满	无语
780	表态#不满	没想象中的好
781	表态#不满	真是无语了
782	表态#不满	糟糕
783	表态#不满	过分
784	表态#不满	还没到我喜欢的
785	表态#不满	这个我不喜欢
786	表态#否定	不可以这样
787	表态#否定	不太好
788	表态#否定	不太行
789	表态#否定	不太靠谱
790	表态#否定	不对
791	表态#否定	不怎么样
792	表态#否定	不是
793	表态#否定	不是很好
794	表态#否定	不是我的菜
795	表态#否定	不是这样的
796	表态#否定	不用了
797	表态#否定	不行
798	表态#否定	不要这个
799	表态#否定	不要这个手机
800	表态#否定	不要这台
801	表态#否定	不要这款
802	表态#否定	不要这款手机
803	表态#否定	不要这种
804	表态#否定	不要这部
805	表态#否定	不要这部手机
806	表态#否定	不靠谱
807	表态#否定	你不应该这样做
808	表态#否定	你不应该这样说
809	表态#否定	你不能乱说话
810	表态#否定	你不能这样做
811	表态#否定	你不能这样想
812	表态#否定	你不能这样说
813	表态#否定	你的做法是不行的
814	表态#否定	你的想法不好
815	表态#否定	你的想法是不对的
816	表态#否定	你的想法是不行的
817	表态#否定	你的观点是不行的
818	表态#否定	你的言论遭到了我们的否定
819	表态#否定	你的论点是不行的
820	表态#否定	你的话非君子之言
821	表态#否定	你说错了
822	表态#否定	你说错了把
823	表态#否定	你这样是不对的
824	表态#否定	你这样是不行的
825	表态#否定	反对你的观点
826	表态#否定	太平常了
827	表态#否定	太普通了
828	表态#否定	平庸
829	表态#否定	很普通
830	表态#否定	我不同意
831	表态#否定	我不同意你的看法
832	表态#否定	我不同意你的说法
839	表态#否定	我不愿意
840	表态#否定	我不要
841	表态#否定	我不要你说得这个
842	表态#否定	我不要这个手机
843	表态#否定	我不要这款手机
844	表态#否定	我不要这部手机
845	表态#否定	我不认为你做得好
846	表态#否定	我不认为你做的对
847	表态#否定	我不认为你的做法是好的
848	表态#否定	我不认为你的做法是对的
849	表态#否定	我不认为你的做法是行的
850	表态#否定	我不认为你的想法是好的
851	表态#否定	我不认为你的想法是对的
852	表态#否定	我不认为你的想法是行的
853	表态#否定	我不认为你的观点是好的
854	表态#否定	我不认为你的观点是对的
855	表态#否定	我不认为你的观点是行的
856	表态#否定	我不认为你的说法是好的
857	表态#否定	我不认为你的说法是对的
858	表态#否定	我不认为你的说法是行的
859	表态#否定	我不认为你说得好
860	表态#否定	我不认为你说得是对的
861	表态#否定	我不认为你说的对
862	表态#否定	我不认为是这样的
863	表态#否定	我不认为这是对的
864	表态#否定	我反对
865	表态#否定	我否定你的做法
866	表态#否定	我否定你的答案
867	表态#否定	我没有
868	表态#否定	我绝对不同意你的观点
869	表态#否定	我觉得不合适
870	表态#否定	我觉得不好
871	表态#否定	我觉得这台手机不好
872	表态#否定	我觉得这款不好
873	表态#否定	我觉得这部手机不好
874	表态#否定	我认为不是这样的
875	表态#否定	我认为你做的不对
876	表态#否定	我认为你的做法不好
877	表态#否定	我认为你的做法是不好的
878	表态#否定	我认为你的做法是不对的
879	表态#否定	我认为你的做法是不行的
880	表态#否定	我认为你的想法不好
881	表态#否定	我认为你的想法是不好的
882	表态#否定	我认为你的想法是不对的
883	表态#否定	我认为你的想法是不行的
884	表态#否定	我认为你的观点不好
885	表态#否定	我认为你的观点是不好的
886	表态#否定	我认为你的观点是不对的
887	表态#否定	我认为你的观点是不行的
888	表态#否定	我认为你的说法不好
889	表态#否定	我认为你的说法是不好的
890	表态#否定	我认为你的说法是不对的
891	表态#否定	我认为你的说法是不行的
892	表态#否定	我认为你说的不对
893	表态#否定	我认为这是不对的
894	表态#否定	无直接关系
895	表态#否定	这不可能是对的
896	表态#否定	这不可能是这样的
897	表态#否定	这不是对的
898	表态#否定	这个我不想要
899	表态#否定	这台手机不要了
900	表态#否定	这是不对的
901	表态#否定	这样是不好的
902	表态#否定	这样是不对的
903	表态#否定	这样是不行的
904	表态#否定	错误
905	表态#否定	﻿不
906	表态#满意	万岁，耶
907	表态#满意	不愧是你
908	表态#满意	不错
909	表态#满意	不错的手机
910	表态#满意	他确实挺不错的
911	表态#满意	他跟你介绍的那个样子差不多，你说的太准了
912	表态#满意	你刚刚的话让我受益匪浅
913	表态#满意	你刚刚让我大吃一惊，说得太好了
914	表态#满意	你刚刚讲的话很精彩
915	表态#满意	你办事，我放心
916	表态#满意	你太给力了
917	表态#满意	你太聪明了，我太崇拜你了
918	表态#满意	你好幽默啊，大家都被你逗乐了
919	表态#满意	你对大家很友善哦
920	表态#满意	你对大家都很公平，值得学习
921	表态#满意	你很勇敢哦
922	表态#满意	你的状态非常饱满哦
923	表态#满意	你的观点很好，大家会赞成的
924	表态#满意	你真厉害
925	表态#满意	你真帅
926	表态#满意	你表现得很自信哦
927	表态#满意	你讲的对，这件事必须按你说的办
928	表态#满意	你说得不错
929	表态#满意	你说得对，我认为很正确
930	表态#满意	你说的真好
931	表态#满意	你说的话好有道理，就按你说的办
932	表态#满意	做人就该像你这样低调嘛
933	表态#满意	做的好
934	表态#满意	听了你的话，顿时心里踏实了
935	表态#满意	和你聊得很开心
936	表态#满意	哈哈，幸亏有你在
937	表态#满意	太给力了
938	表态#满意	好厉害的手机
939	表态#满意	好喜欢的手机
940	表态#满意	好开心啊，谢谢你哦
941	表态#满意	好犀利
942	表态#满意	好犀利啊
943	表态#满意	好评
944	表态#满意	希望你再接再厉，取得更大的进步
945	表态#满意	干得好
946	表态#满意	干的漂亮
947	表态#满意	很好
948	表态#满意	很满意
949	表态#满意	我中意它
950	表态#满意	我中意这款
951	表态#满意	我好中意
952	表态#满意	我好喜欢这个
953	表态#满意	我很享受我们之间的交流
954	表态#满意	我很喜欢
955	表态#满意	我懂了，好厉害
956	表态#满意	我真心喜欢他
957	表态#满意	我非常喜欢这个
958	表态#满意	有你在，真好啊
959	表态#满意	有你真好
960	表态#满意	正解，难得我们能想到一块去
961	表态#满意	漂亮
962	表态#满意	牛
963	表态#满意	牛逼
964	表态#满意	猴赛雷
965	表态#满意	看来你的推荐可以接受
966	表态#满意	真厉害啊
967	表态#满意	真棒
968	表态#满意	真牛
969	表态#满意	真的不错
970	表态#满意	真的好漂亮
971	表态#满意	给你赞一个
972	表态#满意	给力
973	表态#满意	绝对好评
974	表态#满意	讲话就该像你这样
975	表态#满意	说得太棒了
976	表态#满意	貌似很不错哦
977	表态#满意	赞
978	表态#满意	超级棒的手机
979	表态#满意	这个不错
980	表态#满意	这款手机不错
981	表态#满意	这款手机好犀利
982	表态#满意	非常棒
983	表态#犹豫	买还是不买呢
984	表态#犹豫	你好，等我问清楚了，再过来答复您好吗
985	表态#犹豫	你有什么意见
986	表态#犹豫	你有没有什么好的建议
987	表态#犹豫	你有没有好的建议吗
988	表态#犹豫	你的意见呢
989	表态#犹豫	你等等，我再想下
990	表态#犹豫	你认为我买哪款比较好
991	表态#犹豫	你说买哪个好点
992	表态#犹豫	再考虑下
993	表态#犹豫	到底值不值得买呢
994	表态#犹豫	到底哪一款比较好
995	表态#犹豫	可是我没有想好买哪部手机
996	表态#犹豫	哪一个比较好
997	表态#犹豫	哪个好呢
998	表态#犹豫	哪个好看点
999	表态#犹豫	哪款好呢
1000	表态#犹豫	好纠结好纠结呀
1001	表态#犹豫	我不清楚想要哪个
1002	表态#犹豫	我不知道哪个好
1003	表态#犹豫	我不知道选哪一个
1004	表态#犹豫	我不知道选哪款手机
1005	表态#犹豫	我不确定到底要买哪一款手机
1006	表态#犹豫	我再思考下
1007	表态#犹豫	我再想想
1008	表态#犹豫	我再考虑下把
1009	表态#犹豫	我和朋友商量下
1010	表态#犹豫	我思考下
1011	表态#犹豫	我想先考虑下
1012	表态#犹豫	我想想
1013	表态#犹豫	我想考虑下
1014	表态#犹豫	我无法做出决定
1015	表态#犹豫	我没有任何思路
1016	表态#犹豫	我没有任何想法
1017	表态#犹豫	我没有任何方案
1018	表态#犹豫	我没有任何观点
1019	表态#犹豫	我没有好的做法
1020	表态#犹豫	我没有好的思路
1021	表态#犹豫	我没有好的想法
1022	表态#犹豫	我没有好的方案
1023	表态#犹豫	我没有好的观点
1024	表态#犹豫	我犹豫不决啊
1025	表态#犹豫	我要买哪一个
1026	表态#犹豫	我该使用哪款手机
1027	表态#犹豫	我还在纠结哪一个
1028	表态#犹豫	有好的意见吗
1029	表态#犹豫	正在犹豫要不要
1031	表态#犹豫	犹豫不决
1032	表态#犹豫	等一下，我想想
1033	表态#犹豫	给点意见
1034	表态#犹豫	考虑下
1035	表态#犹豫	要这部手机还是那部呢
1036	表态#犹豫	谁比较好
1037	表态#犹豫	这部手机好还是那部手机好
1038	表态#犹豫	选哪一台好呢
1039	表态#犹豫	那么，你觉得哪一款适合我
1040	表态#犹豫	那么，你觉得这部手机好吗
1041	表态#犹豫	那么，我选哪一款好
1042	表态#犹豫	都不知买不买好
1043	表态#犹豫	﻿纠结，不知道买不买好，好纠结
1044	表态#疑问	为什么
1045	表态#疑问	真的么
1046	表态#疑问	真的么，好好玩的样子
1047	表态#疑问	真的么？怎么会这样呢
1048	表态#疑问	真的吗?
1049	表态#疑问	真的是这样吗?
1050	表态#肯定	OK
735	表态#肯定	一般般
736	表态#肯定	一般般你
1051	表态#肯定	你是对的
1052	表态#肯定	你说得对
1053	表态#肯定	你说的对哦，这件事本该如此
1054	表态#肯定	可以
1055	表态#肯定	可以啦
1056	表态#肯定	可以喔
1057	表态#肯定	可以接受
1058	表态#肯定	可以没问题
1059	表态#肯定	可以的
1060	表态#肯定	可以要
1061	表态#肯定	同意
1062	表态#肯定	听你的话
1063	表态#肯定	呦西
1064	表态#肯定	嗯
1065	表态#肯定	嗯，好的啊
1066	表态#肯定	嗯，对
1067	表态#肯定	嗯，我认为我的想法完全正确
1068	表态#肯定	嗯，我认为我的想法是对的
1069	表态#肯定	嗯，我认为这是对的
1070	表态#肯定	嗯，我认为这是正确的
1071	表态#肯定	嗯，我认为这能行
1072	表态#肯定	嗯，是的
1073	表态#肯定	嗯，是这样
1074	表态#肯定	嗯，肯定是对的
1075	表态#肯定	嗯，肯定是正确的
1076	表态#肯定	嗯，这是对的啊
1077	表态#肯定	好吧
1078	表态#肯定	好好好
1079	表态#肯定	好的
1080	表态#肯定	好的啊
1081	表态#肯定	好的，我支持你
1082	表态#肯定	完全正确
1083	表态#肯定	对
1084	表态#肯定	对啊
1085	表态#肯定	对啊，对啊
1086	表态#肯定	对的
1087	表态#肯定	对的啊
1088	表态#肯定	对，就是这样
1089	表态#肯定	就是你说的这样做
1090	表态#肯定	就该这样做的
1091	表态#肯定	感觉好像那部手机好一点
1092	表态#肯定	我也觉得也是
1093	表态#肯定	我也这么认为的
1094	表态#肯定	我同意
1095	表态#肯定	我同意你的想法
1096	表态#肯定	我同意你的说法
1097	表态#肯定	我坚信我的想法是对的
1098	表态#肯定	我坚信我的想法是正确的
1099	表态#肯定	我坚信我的想法，那是一定正确的
1100	表态#肯定	我坚信我的想法，那是十分正确的
1101	表态#肯定	我坚信我的想法，那是完全正确的
1102	表态#肯定	我坚信我的想法，那是绝对正确的
1103	表态#肯定	我坚信我的想法，那是肯定正确的
1104	表态#肯定	我坚信我的想法，那是非常正确的
1105	表态#肯定	我坚信我的观点是对的
1106	表态#肯定	我坚信我的观点是正确的
1107	表态#肯定	我坚信我的论点是对的
1108	表态#肯定	我坚信我的论点是正确的
1109	表态#肯定	我坚信这一定能行
1110	表态#肯定	我坚信这完全能行
1111	表态#肯定	我坚信这绝对能行
1112	表态#肯定	我坚信这肯定能行
1113	表态#肯定	我坚信这能行
1114	表态#肯定	我就是这样觉得的
1115	表态#肯定	我想这是正确的
1116	表态#肯定	我的想法一定正确
1117	表态#肯定	我相信
1118	表态#肯定	我知道了
1119	表态#肯定	我肯定我的想法是一定正确的
1120	表态#肯定	我肯定我的想法是十分正确的
1121	表态#肯定	我肯定我的想法是完全正确的
1122	表态#肯定	我肯定我的想法是对的
1123	表态#肯定	我肯定我的想法是绝对正确的
1124	表态#肯定	我肯定我的想法是肯定正确的
1125	表态#肯定	我肯定我的想法是非常正确的
1126	表态#肯定	我肯定我的观点是对的
1127	表态#肯定	我肯定我的论点是对的
1128	表态#肯定	我肯定这是对的
1129	表态#肯定	我认为完全正确
1130	表态#肯定	我认为我一定对
1131	表态#肯定	我认为我一定正确
1132	表态#肯定	我认为我是对的
1133	表态#肯定	我认为我是正确的
1134	表态#肯定	我认为我的想法一定正确
1135	表态#肯定	我认为我的想法十分正确
1136	表态#肯定	我认为我的想法完全正确
1137	表态#肯定	我认为我的想法是正确的
1138	表态#肯定	我认为我的想法绝对正确
1139	表态#肯定	我认为我的想法肯定正确
1140	表态#肯定	我认为我的想法非常正确
1141	表态#肯定	我认为是对的
1142	表态#肯定	我认为肯定是这样
1143	表态#肯定	我认为肯定能行
1144	表态#肯定	我认为这是正确的
1145	表态#肯定	我认同你
1146	表态#肯定	是
1147	表态#肯定	是啊，我也这么认为
1148	表态#肯定	是啊，是啊
1149	表态#肯定	是的
1150	表态#肯定	是的啊
1151	表态#肯定	是的，这是一定正确的
1152	表态#肯定	是的，这是十分正确的
1153	表态#肯定	是的，这是完全正确的
1154	表态#肯定	是的，这是绝对正确的
1155	表态#肯定	是的，这是肯定正确的
1156	表态#肯定	是的，这是非常正确的
1157	表态#肯定	是的，这样是正确的
1158	表态#肯定	正确
1030	表态#肯定	没那么喜欢
1159	表态#肯定	没错
1160	表态#肯定	没错，这是一定正确的
1161	表态#肯定	没错，这是十分正确的
1162	表态#肯定	没错，这是完全正确的
1163	表态#肯定	没错，这是对的
1164	表态#肯定	没错，这是绝对正确的
1165	表态#肯定	没错，这是肯定正确的
1166	表态#肯定	没错，这是非常正确的
1167	表态#肯定	没问题
1168	表态#肯定	真的该这样
1169	表态#肯定	确定要
1170	表态#肯定	肯定是啦
1171	表态#肯定	能
1172	表态#肯定	行
1173	表态#肯定	要
1174	表态#肯定	还可以喔
1175	表态#肯定	还好
1176	表态#肯定	还行
1177	表态#肯定	这一定是完全正确的
1178	表态#肯定	这一定能行
1179	表态#肯定	这不存在问题，这是一定正确的
1180	表态#肯定	这不存在问题，这是十分正确的
1181	表态#肯定	这不存在问题，这是完全正确的
1182	表态#肯定	这不存在问题，这是绝对正确的
1183	表态#肯定	这不存在问题，这是肯定正确的
1184	表态#肯定	这不存在问题，这是非常正确的
1185	表态#肯定	这完全没有异义
1186	表态#肯定	这完全能行
1187	表态#肯定	这当然是对的啊
1188	表态#肯定	这当然是正确的啊
1189	表态#肯定	这手机挺好看的
1190	表态#肯定	这手机挺漂亮的
1191	表态#肯定	这是绝对正确的
1192	表态#肯定	这显然是对的啊
1193	表态#肯定	这显然是正确的啊
1194	表态#肯定	这样挺好的
1195	表态#肯定	这样是正确的
1196	表态#肯定	这肯定能行
1197	表态#肯定	这能行
1198	表态#肯定	﻿这一定是对的
1199	表态#附和	呵呵
1200	表态#附和	哈哈哈
1201	表态#附和	哈哈哈哈
1202	表态#附和	哈哈，你太帅了吧
1203	表态#附和	哈哈，好好笑啊
1204	表态#附和	哈哈，我是在逗你玩的
1205	表态#附和	哦，原来如此
1206	表态#附和	喵
1207	表态#附和	是这样的吧
1208	表态#附和	汪
1209	表态#附和	额
1210	表态#随便	你说是就是咯
1211	表态#随便	无所谓
1212	表态#随便	没有什么要求
1213	表态#随便	没有要求
1214	表态#随便	没要求
1215	表态#随便	这个无所谓
1216	表态#随便	都可以
1217	表态#随便	都行
1218	表态#随便	随便啦
1219	闲聊#天气	4号那天好像会刮台风
1220	闲聊#天气	一场台风把这里的雾霾刮走了
1221	闲聊#天气	一看到浓密的乌云就知道一场暴雨快来了
1222	闲聊#天气	下个月冬天来了就开始下雪了
1223	闲聊#天气	下个月天气就开始变得干燥起来了
1224	闲聊#天气	下雨了啊
1225	闲聊#天气	不过这里的雾霾天气越来越严重了
1226	闲聊#天气	中到大雪、
1227	闲聊#天气	今天下了一天的雨了
1228	闲聊#天气	今天又是阴天
1229	闲聊#天气	今天天气不错嘛
1230	闲聊#天气	今天天气好不好
1231	闲聊#天气	今天天气怎么样
1232	闲聊#天气	今天天气真的很好
1233	闲聊#天气	今天很晒啊
1234	闲聊#天气	今天早上刮了好大的雾
1235	闲聊#天气	今天早上居然下雪了
1236	闲聊#天气	今天的天气一般
1237	闲聊#天气	今天的天气好闷热
1238	闲聊#天气	今天的太阳挺烈的
1239	闲聊#天气	今年和往年一样又刮起了严重的雾霾
1240	闲聊#天气	冷空气给这个地方带来了一场大雨
1241	闲聊#天气	冷空气还有两天到达
1242	闲聊#天气	别忘了带伞
1243	闲聊#天气	去年的国庆节下好大的雪
1244	闲聊#天气	听说冷空气南下了
1245	闲聊#天气	听说台风快到这边了
1246	闲聊#天气	听说明天会下雨
1247	闲聊#天气	夏天，雷雨到来之前，在天空先会看到积云
1248	闲聊#天气	多云、
1249	闲聊#天气	大到暴雪
1250	闲聊#天气	大暴雨到特大暴雨、
1251	闲聊#天气	天气不错，适宜晾晒衣物
1252	闲聊#天气	天气怎么样
1253	闲聊#天气	天气慢慢变冷了
1254	闲聊#天气	天气渐渐回暖了
1255	闲聊#天气	天气温度持续高涨
1256	闲聊#天气	天气炎热
1257	闲聊#天气	天气预报
1258	闲聊#天气	天气预报说今天是晴天然而并不是
1259	闲聊#天气	天气预报说后天气温会降到零度以下
1260	闲聊#天气	天气预报说接下来的一个星期里天气怎么样？
1261	闲聊#天气	好冷
1262	闲聊#天气	好热
1263	闲聊#天气	寒冷的天气让人不想出门
1264	闲聊#天气	小到中雪、
1265	闲聊#天气	小雨、中雨、大雨、暴雨、大暴雨、特大暴雨
1266	闲聊#天气	强降雨逐渐南压
1267	闲聊#天气	往年三月份这里都会有回南天
1268	闲聊#天气	微风
1269	闲聊#天气	快下雨了
1270	闲聊#天气	我不喜欢在这种恶劣的天气下旅行
1271	闲聊#天气	我很喜欢这种凉飕飕的天气
1272	闲聊#天气	持续暴雨
1273	闲聊#天气	持续的雷暴雨让人觉得很不舒服
1274	闲聊#天气	接下来的几个星期里平均空气湿度将会达到全年最高
1275	闲聊#天气	早上一起来路上全都是雪
1276	闲聊#天气	明天又将是晴空万里的一天
1277	闲聊#天气	明天天气好不好
1278	闲聊#天气	明天天气好像很好
1279	闲聊#天气	明天天气如何
1280	闲聊#天气	明天天气怎么样
1281	闲聊#天气	明天开始就降温了
1282	闲聊#天气	昨天下了一场滂沱大雨
1283	闲聊#天气	昨天下了好大的暴雨
1284	闲聊#天气	昨天就下了一会儿的雨
1285	闲聊#天气	昨天晚上下了好大的雪
1286	闲聊#天气	昨晚好像下大暴雨
1287	闲聊#天气	晴、
1288	闲聊#天气	暴雨到大暴雨、
1289	闲聊#天气	最近天气有点反复无常
1290	闲聊#天气	最近的天气好潮湿
1291	闲聊#天气	最近的天气挺好的
1292	闲聊#天气	最近这几天的天气真是坏得不行
1293	闲聊#天气	最近这几天都是阴天
1294	闲聊#天气	最近都是一会儿晴一会儿阴
1295	闲聊#天气	最近风有点大
1296	闲聊#天气	未来三天，长江中下游地区将有中到大雨
1297	闲聊#天气	每年的清明节我家乡都会下绵绵细雨
1298	闲聊#天气	气象台发布了暴雨预警
1299	闲聊#天气	浮尘、扬沙、沙尘暴、强沙尘暴、特强沙尘暴
1300	闲聊#天气	由于雾霾我们周末只能待在家里
1301	闲聊#天气	秋高日爽的天气让人心旷神怡
1302	闲聊#天气	空气质量令人满意，基本无空气污染
1303	闲聊#天气	老子热死了
1304	闲聊#天气	轻雾，浓雾，强浓雾，轻微霾，轻度霾，中度霾，重度霾，特强霾，霰，飑线
1305	闲聊#天气	这个台风还有2个小时就到达
1306	闲聊#天气	这个周末台风就到了
1307	闲聊#天气	这个地方一年里有一半的时间都在下雨
1308	闲聊#天气	这个地方好多年没有下过雪了
1309	闲聊#天气	这个月刮了3次台风
1310	闲聊#天气	这么大的雾很影响人们的出行
1311	闲聊#天气	这么浓的雾我还是第一次见
1312	闲聊#天气	这几天天气真的好冷
1313	闲聊#天气	这几天好热
1314	闲聊#天气	这几天气温好高啊
1315	闲聊#天气	这几天温度居然高达40度
1316	闲聊#天气	这几天都是阴天
1317	闲聊#天气	这场雨持续了整整一个星期
1318	闲聊#天气	这场雪下了整整一天
1319	闲聊#天气	这样的雾霾天气让人们觉得非常难受
1320	闲聊#天气	这种回南天真让人受不了
1321	闲聊#天气	这种天气很舒服
1322	闲聊#天气	这种天气最适合人们出游
1323	闲聊#天气	这里好久没有下过雨了
1324	闲聊#天气	这里的全年平均气温居世界第一高
1325	闲聊#天气	阴
1326	闲聊#天气	阴天
1327	闲聊#天气	阵雨
1328	闲聊#天气	阵雪、小雪、中雪、大雪、暴雪、
1329	闲聊#天气	雨势明显增强
1330	闲聊#天气	雨夹雪、
1331	闲聊#天气	雷阵雨、
1332	闲聊#天气	雷阵雨伴有冰雹、
1333	闲聊#天气	雷阵雨转多云
1334	闲聊#天气	雾、冻雨、沙尘暴、小到中雨、中到大雨、大到暴雨
1335	闲聊#天气	面对火辣辣的太阳，你真的懂如何防晒吗
1336	闲聊#天气	﻿天气好吗
1337	闲聊#时间	19点30分
1338	闲聊#时间	1个小时有60分钟
1339	闲聊#时间	1分钟有60秒
1340	闲聊#时间	2000年不是闰年
1341	闲聊#时间	23点59分59秒
1342	闲聊#时间	24个小时
1343	闲聊#时间	3点钟
1344	闲聊#时间	一分钟有多少秒
1345	闲聊#时间	一天
1346	闲聊#时间	一天有多长
1347	闲聊#时间	下午两点半
1348	闲聊#时间	不知道现在几点
1349	闲聊#时间	两个小时后过来
1350	闲聊#时间	两分钟
1351	闲聊#时间	中午什么时候
1352	闲聊#时间	中午就可以
1353	闲聊#时间	什么时候
1354	闲聊#时间	今天多少号
1355	闲聊#时间	今天多少号来着
1356	闲聊#时间	今天星期几来着
1357	闲聊#时间	今天是星期二吗
1358	闲聊#时间	今天是星期几
1359	闲聊#时间	今天离5月1日还有多少天
1360	闲聊#时间	今天离下周末还有多少天
1361	闲聊#时间	今天离放暑假还有多少天
1362	闲聊#时间	今年是闰年
1363	闲聊#时间	今年的2月没有第29天
1364	闲聊#时间	今年的国庆节是周末吗
1365	闲聊#时间	今年的清明节是几号
1366	闲聊#时间	你什么时候才可以
1367	闲聊#时间	你懂得什么叫时间吗
1368	闲聊#时间	你知不知道什么叫时间
1369	闲聊#时间	你知不知道现在几点了
1370	闲聊#时间	你知道一个小时有多少分钟吗
1371	闲聊#时间	你知道一个小时有多少秒吗
1372	闲聊#时间	你知道现在是什么时候吗
1373	闲聊#时间	你知道现在是几点吗
1374	闲聊#时间	凌晨几点
1375	闲聊#时间	几点现在
1376	闲聊#时间	去年的重阳节是多少号
1377	闲聊#时间	后天才是1号
1378	闲聊#时间	周末就快来了
1379	闲聊#时间	多少分钟
1380	闲聊#时间	大概什么时候
1381	闲聊#时间	大概几点
1382	闲聊#时间	大概多少秒
1383	闲聊#时间	大概还有几天
1384	闲聊#时间	大概还有半分钟
1385	闲聊#时间	我想问一下现在的准确时间是多少
1386	闲聊#时间	早上7点
1387	闲聊#时间	明天几点
1388	闲聊#时间	明天是几号
1389	闲聊#时间	明天是多少号
1390	闲聊#时间	明天是星期六了吗
1391	闲聊#时间	明天是星期几
1392	闲聊#时间	明天是星期天
1393	闲聊#时间	明年不是平年
1394	闲聊#时间	明年的五一劳动节是不是在星期三那天
1395	闲聊#时间	晚上九点半
1396	闲聊#时间	晚上吗
1397	闲聊#时间	现在时间是多少
1398	闲聊#时间	现在是什么时候
1399	闲聊#时间	现在是什么时间
1400	闲聊#时间	请问现在几点了
1401	闲聊#时间	距离周末还有两天时间
1402	闲聊#时间	过几个星期吧
1403	闲聊#时间	还剩下多少分钟
1404	闲聊#时间	还剩下多少时间
1405	闲聊#时间	还有几个小时到中午
1406	闲聊#时间	还有多少个小时
1407	闲聊#时间	还有多少个小时到中午
1408	闲聊#时间	还有多少分钟
1409	闲聊#时间	还有多少秒
1410	闲聊#时间	这个月有31号
1411	闲聊#时间	﻿现在是几点啊
1412	闲聊#身份信息	今天充电了么机器人
1413	闲聊#身份信息	今年你多少岁了
1414	闲聊#身份信息	你二十四小时在线吗
1415	闲聊#身份信息	你会不会生锈
1416	闲聊#身份信息	你会不会讲故事啊
1417	闲聊#身份信息	你会做算术吗
1418	闲聊#身份信息	你会唱歌跳舞吗
1419	闲聊#身份信息	你会帮我做作业吗
1420	闲聊#身份信息	你会干什么
1421	闲聊#身份信息	你会攻击人类吗
1422	闲聊#身份信息	你会独立思考吗
1423	闲聊#身份信息	你会背诗吗
1424	闲聊#身份信息	你会讲故事吗
1425	闲聊#身份信息	你会说什么话
1426	闲聊#身份信息	你几岁啦
1427	闲聊#身份信息	你单身吗
1428	闲聊#身份信息	你叫什么
1429	闲聊#身份信息	你叫什么名字
1430	闲聊#身份信息	你叫什么名字呀
1431	闲聊#身份信息	你可以像人一样走路吗
1432	闲聊#身份信息	你可以帮人类做家务吗
1433	闲聊#身份信息	你可以帮我倒杯水吗
1434	闲聊#身份信息	你妈妈是谁
1435	闲聊#身份信息	你姓什么
1436	闲聊#身份信息	你姓什么哦
1437	闲聊#身份信息	你姓什么啊
1438	闲聊#身份信息	你姓什么的
1439	闲聊#身份信息	你家庭成员有几个啊
1440	闲聊#身份信息	你属于哪个国籍的
1441	闲聊#身份信息	你是不是机器人
1442	闲聊#身份信息	你是中国人吗
1443	闲聊#身份信息	你是人类还是机器人
1444	闲聊#身份信息	你是什么时候出生的
1445	闲聊#身份信息	你是从哪里来的
1446	闲聊#身份信息	你是动漫迷吗
1447	闲聊#身份信息	你是叫机器人吗
1448	闲聊#身份信息	你是哪个公司开发的
1449	闲聊#身份信息	你是哪个国家的人
1450	闲聊#身份信息	你是土豪吗
1451	闲聊#身份信息	你是女的
1452	闲聊#身份信息	你是女的吗
1453	闲聊#身份信息	你是女的吧
1454	闲聊#身份信息	你是好人还是坏人
1455	闲聊#身份信息	你是宅男吗
1456	闲聊#身份信息	你是机器人吧
1457	闲聊#身份信息	你是男生吗
1458	闲聊#身份信息	你是男的
1459	闲聊#身份信息	你是男的吗
1460	闲聊#身份信息	你是男的吧
1461	闲聊#身份信息	你是男的还是女的
1462	闲聊#身份信息	你是程序员吗
1463	闲聊#身份信息	你是绅士吗
1464	闲聊#身份信息	你有什么爱好
1465	闲聊#身份信息	你有什么目标
1466	闲聊#身份信息	你有女朋友吗
1467	闲聊#身份信息	你有没有兄弟姐妹
1468	闲聊#身份信息	你有没有生命啊
1469	闲聊#身份信息	你有没有职业
1470	闲聊#身份信息	你有男朋友吗
1471	闲聊#身份信息	你有编号吗
1472	闲聊#身份信息	你有肌肉吗
1473	闲聊#身份信息	你有身份证吗
1474	闲聊#身份信息	你爸爸是谁
1475	闲聊#身份信息	你现在几岁啦
1476	闲聊#身份信息	你的三围是多少
1477	闲聊#身份信息	你的体重是多少啊
1478	闲聊#身份信息	你的出生地在哪
1479	闲聊#身份信息	你的创造者是谁
1480	闲聊#身份信息	你的力气有多大啊
1481	闲聊#身份信息	你的名字是什么
1482	闲聊#身份信息	你的年龄是多少
1483	闲聊#身份信息	你的开发者是谁
1484	闲聊#身份信息	你的性别是什么
1485	闲聊#身份信息	你的手臂有什么用
1486	闲聊#身份信息	你的特长是什么
1487	闲聊#身份信息	你的理想是什么啊
1488	闲聊#身份信息	你的生日是什么时候
1489	闲聊#身份信息	你的职业是什么
1490	闲聊#身份信息	你的职业是服务人类吗
1491	闲聊#身份信息	你的联系方式是什么啊
1492	闲聊#身份信息	你的脚多大啊
1493	闲聊#身份信息	你的身高是多高啊
1494	闲聊#身份信息	你结婚了吗
1495	闲聊#身份信息	你能做些啥
1496	闲聊#身份信息	你能像我一样走路吗
1497	闲聊#身份信息	你能听懂我说的话吗
1498	闲聊#身份信息	你能服务好人类吗
1499	闲聊#身份信息	你能看得到我吗
1500	闲聊#身份信息	你能跟我交流吗
1501	闲聊#身份信息	你都有哪些功能
1502	闲聊#身份信息	你都知道些什么知识啊
1503	闲聊#身份信息	你都能做些什么
1504	闲聊#身份信息	你都能做些啥
1505	闲聊#身份信息	你需要消耗什么能源
1506	闲聊#身份信息	可以告诉我你的编号吗
1507	闲聊#身份信息	告诉我，你是不是机器人
1508	闲聊#身份信息	快告诉我，你真的是好人吗
1509	闲聊#身份信息	快说，你现在几岁了
1510	闲聊#身份信息	怎么联系你啊
1511	闲聊#身份信息	我觉得你是机器人
1512	闲聊#身份信息	我说什么，你就能做什么吗
1513	闲聊#身份信息	男的吗
1514	闲聊#身份信息	聊天可以吗
1515	闲聊#身份信息	请问您贵姓
1516	闲聊#身份信息	谁开发了你
1517	闲聊#身份信息	难道你不是机器人
1518	闲聊#身份信息	﻿你是谁
